raw_feature_1,raw_feature_2,raw_feature_3,raw_feature_4,raw_feature_5,angle_1,angle_2,angle_3,angle_4,angle_5,abstract_n_qubits,abstract_depth,abstract_total_gate_count,abstract_single_qubit_gate_count,abstract_two_qubit_gate_count,abstract_cx_count,abstract_two_qubit_gate_ratio,abstract_average_gates_per_qubit,abstract_max_gates_per_qubit,abstract_unique_2q_pairs,abstract_average_qubit_degree,abstract_max_qubit_degree,abstract_repeated_2q_pairs,reps,entanglement,transpiled_depth,transpiled_total_gates,transpiled_1q_gates,transpiled_2q_gates,transpiled_cz_count,transpiled_cx_count,transpiled_sx_count,transpiled_rz_count,backend_size,mean_cz_error,std_cz_error,min_cz_error,max_cz_error,sum_cz_error,cumulative_cz_error,mean_cz_duration,max_cz_duration,total_cz_duration,physical_qubit_count,physical_qubits_used,mean_t1,min_t1,max_t1,mean_t2,min_t2,max_t2,mean_tvd,std_tvd,min_tvd,max_tvd,shots,repeats,seed_transpiler,initial_layout,data_row_index,layout
13.35,0.536,0.386,0.806,0.351,3.8452595908656035,3.3677873246482584,2.222263434960359,4.928809807631987,2.2276747907273076,5,14,22,14,8,8,0.36363636363636365,4.4,7,4,1.6,2,4,1,linear,45,63,55,8,8,0,21,34,133,0.004217343515768537,0.0004580934098542126,0.0035611420576564523,0.004854875406855308,0.0337387481261483,0.0332457373433197,6.8e-08,6.8e-08,5.44e-07,5,"[0, 1, 2, 3, 4]",0.00021405647574145628,0.00015589025123004087,0.0002660304697898787,0.0002143141448021282,0.0001522363560239665,0.0003145961798898144,0.06875,0.01617383272419477,0.04492187500000003,0.08398437499999997,1024,5,42,"[0, 1, 2, 3, 4]",0,"[0, 1, 2, 3, 4]"
13.35,0.536,0.386,0.806,0.351,3.8452595908656035,3.3677873246482584,2.222263434960359,4.928809807631987,2.2276747907273076,5,14,22,14,8,8,0.36363636363636365,4.4,7,4,1.6,2,4,1,linear,45,63,55,8,8,0,21,34,133,0.2636586262958001,0.42526419043236613,0.006316093954111535,1.0,2.109269010366401,1.0,7.8e-08,1.08e-07,6.24e-07,5,"[19, 20, 21, 22, 23]",9.931680910413865e-05,4.242049838087228e-05,0.00017212633523686543,7.641661102187509e-05,1.880833651631802e-05,0.0001519333543155696,0.07285156250000002,0.006644931967267214,0.0634765625,0.08203125000000008,1024,5,42,"[19, 20, 21, 22, 23]",0,"[19, 20, 21, 22, 23]"
13.35,0.536,0.386,0.806,0.351,3.8452595908656035,3.3677873246482584,2.222263434960359,4.928809807631987,2.2276747907273076,5,14,22,14,8,8,0.36363636363636365,4.4,7,4,1.6,2,4,1,linear,45,63,55,8,8,0,21,34,133,0.0358441367992043,0.03234318724849439,0.002594532669085714,0.07151359904753574,0.2867530943936344,0.25660212555283857,6.8e-08,6.8e-08,5.44e-07,5,"[38, 39, 40, 41, 42]",0.00012857171137070696,4.134690349780361e-05,0.00021538409645284747,0.00010315223016853959,4.993444267362083e-05,0.00017911477600616432,0.07441406250000002,0.012999657259604459,0.06347656250000001,0.09277343749999997,1024,5,42,"[38, 39, 40, 41, 42]",0,"[38, 39, 40, 41, 42]"
13.35,0.536,0.386,0.806,0.351,3.8452595908656035,3.3677873246482584,2.222263434960359,4.928809807631987,2.2276747907273076,5,14,22,14,8,8,0.36363636363636365,4.4,7,4,1.6,2,4,1,linear,45,63,55,8,8,0,21,34,133,0.5015028018316514,0.49849723912412264,0.0027198321502403533,1.0,4.012022414653211,1.0,6.8e-08,6.8e-08,5.44e-07,5,"[57, 58, 59, 60, 61]",0.0001334838255409404,8.372342795432513e-05,0.0002432870574852089,0.00019508532156737638,9.56361715254871e-05,0.0002544258132012437,0.06992187500000002,0.004863242030464304,0.06542968750000006,0.0771484375,1024,5,42,"[57, 58, 59, 60, 61]",0,"[57, 58, 59, 60, 61]"
13.35,0.536,0.386,0.806,0.351,3.8452595908656035,3.3677873246482584,2.222263434960359,4.928809807631987,2.2276747907273076,5,22,44,28,16,16,0.36363636363636365,8.8,14,4,1.6,2,12,2,linear,67,121,105,16,16,0,40,65,133,0.004217343515768537,0.0004580934098542126,0.0035611420576564523,0.004854875406855308,0.0674774962522966,0.06538619563513848,6.8e-08,6.8e-08,1.088e-06,5,"[0, 1, 2, 3, 4]",0.00021405647574145628,0.00015589025123004087,0.0002660304697898787,0.0002143141448021282,0.0001522363560239665,0.0003145961798898144,0.09049547598946592,0.007916137154415796,0.08023868939790502,0.09987028227472766,1024,5,42,"[0, 1, 2, 3, 4]",0,"[0, 1, 2, 3, 4]"
13.35,0.536,0.386,0.806,0.351,3.8452595908656035,3.3677873246482584,2.222263434960359,4.928809807631987,2.2276747907273076,5,22,44,28,16,16,0.36363636363636365,8.8,14,4,1.6,2,12,2,linear,67,121,105,16,16,0,40,65,133,0.2636586262958001,0.4252641904323661,0.006316093954111535,1.0,4.218538020732802,1.0,7.8e-08,1.08e-07,1.248e-06,5,"[19, 20, 21, 22, 23]",9.931680910413865e-05,4.242049838087228e-05,0.00017212633523686543,7.641661102187509e-05,1.880833651631802e-05,0.0001519333543155696,0.4236072198428336,0.015300877851485116,0.4103947055177104,0.4494007017900701,1024,5,42,"[19, 20, 21, 22, 23]",0,"[19, 20, 21, 22, 23]"
13.35,0.536,0.386,0.806,0.351,3.8452595908656035,3.3677873246482584,2.222263434960359,4.928809807631987,2.2276747907273076,5,22,44,28,16,16,0.36363636363636365,8.8,14,4,1.6,2,12,2,linear,67,121,105,16,16,0,40,65,133,0.0358441367992043,0.03234318724849439,0.002594532669085714,0.07151359904753574,0.5735061887872688,0.4473596002674425,6.8e-08,6.8e-08,1.088e-06,5,"[38, 39, 40, 41, 42]",0.00012857171137070696,4.134690349780361e-05,0.00021538409645284747,0.00010315223016853959,4.993444267362083e-05,0.00017911477600616432,0.30406361907512974,0.011226318037456304,0.2923500378956707,0.3223999854337462,1024,5,42,"[38, 39, 40, 41, 42]",0,"[38, 39, 40, 41, 42]"
13.35,0.536,0.386,0.806,0.351,3.8452595908656035,3.3677873246482584,2.222263434960359,4.928809807631987,2.2276747907273076,5,22,44,28,16,16,0.36363636363636365,8.8,14,4,1.6,2,12,2,linear,67,121,105,16,16,0,40,65,133,0.5015028018316513,0.49849723912412264,0.0027198321502403533,1.0,8.02404482930642,1.0,6.8e-08,6.8e-08,1.088e-06,5,"[57, 58, 59, 60, 61]",0.0001334838255409404,8.372342795432513e-05,0.0002432870574852089,0.00019508532156737638,9.56361715254871e-05,0.0002544258132012437,0.4033361224232662,0.017115402104836662,0.37919082791016856,0.42128213800794245,1024,5,42,"[57, 58, 59, 60, 61]",0,"[57, 58, 59, 60, 61]"
13.35,0.536,0.386,0.806,0.351,3.8452595908656035,3.3677873246482584,2.222263434960359,4.928809807631987,2.2276747907273076,5,30,66,42,24,24,0.36363636363636365,13.2,21,4,1.6,2,20,3,linear,89,179,155,24,24,0,59,96,133,0.004217343515768537,0.0004580934098542126,0.0035611420576564523,0.004854875406855308,0.1012162443784449,0.09645812069249382,6.8e-08,6.8e-08,1.632e-06,5,"[0, 1, 2, 3, 4]",0.00021405647574145628,0.00015589025123004087,0.0002660304697898787,0.0002143141448021282,0.0001522363560239665,0.0003145961798898144,0.2467120108657983,0.013700977602084998,0.2278436577547063,0.2615073973302089,1024,5,42,"[0, 1, 2, 3, 4]",0,"[0, 1, 2, 3, 4]"
13.35,0.536,0.386,0.806,0.351,3.8452595908656035,3.3677873246482584,2.222263434960359,4.928809807631987,2.2276747907273076,5,30,66,42,24,24,0.36363636363636365,13.2,21,4,1.6,2,20,3,linear,89,179,155,24,24,0,59,96,133,0.2636586262958001,0.4252641904323661,0.006316093954111535,1.0,6.327807031099203,1.0,7.8e-08,1.08e-07,1.872e-06,5,"[19, 20, 21, 22, 23]",9.931680910413865e-05,4.242049838087228e-05,0.00017212633523686543,7.641661102187509e-05,1.880833651631802e-05,0.0001519333543155696,0.5793537084240096,0.00966012929842511,0.5621496419012475,0.5850327835310591,1024,5,42,"[19, 20, 21, 22, 23]",0,"[19, 20, 21, 22, 23]"
13.35,0.536,0.386,0.806,0.351,3.8452595908656035,3.3677873246482584,2.222263434960359,4.928809807631987,2.2276747907273076,5,30,66,42,24,24,0.36363636363636365,13.2,21,4,1.6,2,20,3,linear,89,179,155,24,24,0,59,96,133,0.0358441367992043,0.03234318724849439,0.002594532669085714,0.07151359904753574,0.8602592831809032,0.5891683015051867,6.8e-08,6.8e-08,1.632e-06,5,"[38, 39, 40, 41, 42]",0.00012857171137070696,4.134690349780361e-05,0.00021538409645284747,0.00010315223016853959,4.993444267362083e-05,0.00017911477600616432,0.42604840853105913,0.01633225968134318,0.40241559603105914,0.44245465853105914,1024,5,42,"[38, 39, 40, 41, 42]",0,"[38, 39, 40, 41, 42]"
13.35,0.536,0.386,0.806,0.351,3.8452595908656035,3.3677873246482584,2.222263434960359,4.928809807631987,2.2276747907273076,5,30,66,42,24,24,0.36363636363636365,13.2,21,4,1.6,2,20,3,linear,89,179,155,24,24,0,59,96,133,0.5015028018316513,0.49849723912412264,0.0027198321502403533,1.0,12.036067243959632,1.0,6.8e-08,6.8e-08,1.632e-06,5,"[57, 58, 59, 60, 61]",0.0001334838255409404,8.372342795432513e-05,0.0002432870574852089,0.00019508532156737638,9.56361715254871e-05,0.0002544258132012437,0.63885965596685,0.00872466151903008,0.6278259107385364,0.6489510913928005,1024,5,42,"[57, 58, 59, 60, 61]",0,"[57, 58, 59, 60, 61]"
13.35,0.536,0.386,0.806,0.351,3.8452595908656035,3.3677873246482584,2.222263434960359,4.928809807631987,2.2276747907273076,5,23,40,20,20,20,0.5,8.0,14,10,4.0,4,10,1,full,125,195,151,44,44,0,82,69,133,0.004222722145634491,0.0004470783053332354,0.0035611420576564523,0.004854875406855308,0.18579977440791762,0.16989045697982663,6.800000000000001e-08,6.8e-08,2.9920000000000003e-06,5,"[0, 1, 2, 3, 4]",0.00021405647574145628,0.00015589025123004087,0.0002660304697898787,0.0002143141448021282,0.0001522363560239665,0.0003145961798898144,0.06542968750000004,0.011513502072804313,0.04882812499999998,0.08007812500000004,1024,5,42,"[0, 1, 2, 3, 4]",0,"[0, 1, 2, 3, 4]"
13.35,0.536,0.386,0.806,0.351,3.8452595908656035,3.3677873246482584,2.222263434960359,4.928809807631987,2.2276747907273076,5,23,40,20,20,20,0.5,8.0,14,10,4.0,4,10,1,full,125,195,151,44,44,0,82,69,133,0.2681439247659132,0.4226760197083504,0.006316093954111535,1.0,11.79833268970018,1.0,7.800000000000001e-08,1.08e-07,3.4320000000000003e-06,5,"[19, 20, 21, 22, 23]",9.931680910413865e-05,4.242049838087228e-05,0.00017212633523686543,7.641661102187509e-05,1.880833651631802e-05,0.0001519333543155696,0.07460937500000002,0.00349385621484347,0.07031249999999996,0.07910156250000006,1024,5,42,"[19, 20, 21, 22, 23]",0,"[19, 20, 21, 22, 23]"
13.35,0.536,0.386,0.806,0.351,3.8452595908656035,3.3677873246482584,2.222263434960359,4.928809807631987,2.2276747907273076,5,23,40,20,20,20,0.5,8.0,14,10,4.0,4,10,1,full,125,195,151,44,44,0,82,69,133,0.025355203551295145,0.02998247000524155,0.002594532669085714,0.07151359904753574,1.1156289562569863,0.6837244973701624,6.800000000000001e-08,6.8e-08,2.9920000000000003e-06,5,"[38, 39, 40, 41, 42]",0.00012857171137070696,4.134690349780361e-05,0.00021538409645284747,0.00010315223016853959,4.993444267362083e-05,0.00017911477600616432,0.06816406250000004,0.008383662512240136,0.05859375000000003,0.08105468750000003,1024,5,42,"[38, 39, 40, 41, 42]",0,"[38, 39, 40, 41, 42]"
13.35,0.536,0.386,0.806,0.351,3.8452595908656035,3.3677873246482584,2.222263434960359,4.928809807631987,2.2276747907273076,5,23,40,20,20,20,0.5,8.0,14,10,4.0,4,10,1,full,125,195,151,44,44,0,82,69,133,0.6601480207389739,0.47254502696410783,0.0027198321502403533,1.0,29.046512912514853,1.0,6.800000000000001e-08,6.8e-08,2.9920000000000003e-06,5,"[57, 58, 59, 60, 61]",0.0001334838255409404,8.372342795432513e-05,0.0002432870574852089,0.00019508532156737638,9.56361715254871e-05,0.0002544258132012437,0.06425781250000004,0.007670834721349771,0.05761718750000002,0.07617187499999997,1024,5,42,"[57, 58, 59, 60, 61]",0,"[57, 58, 59, 60, 61]"
13.35,0.536,0.386,0.806,0.351,3.8452595908656035,3.3677873246482584,2.222263434960359,4.928809807631987,2.2276747907273076,5,40,80,40,40,40,0.5,16.0,28,10,4.0,4,30,2,full,240,391,300,91,91,0,167,133,133,0.004156385672871871,0.0004576178243353815,0.0035611420576564523,0.004854875406855308,0.3782310962313403,0.31547418859941734,6.800000000000001e-08,6.8e-08,6.1880000000000016e-06,5,"[0, 1, 2, 3, 4]",0.00021405647574145628,0.00015589025123004087,0.0002660304697898787,0.0002143141448021282,0.0001522363560239665,0.0003145961798898144,0.34841622970752606,0.017534376842275042,0.3237344462634737,0.37257370290231673,1024,5,42,"[0, 1, 2, 3, 4]",0,"[0, 1, 2, 3, 4]"
13.35,0.536,0.386,0.806,0.351,3.8452595908656035,3.3677873246482584,2.222263434960359,4.928809807631987,2.2276747907273076,5,40,80,40,40,40,0.5,16.0,28,10,4.0,4,30,2,full,240,391,300,91,91,0,167,133,133,0.22469688696549608,0.3984290707051957,0.006316093954111535,1.0,20.447416713860143,1.0,7.635164835164836e-08,1.08e-07,6.948000000000001e-06,5,"[19, 20, 21, 22, 23]",9.931680910413865e-05,4.242049838087228e-05,0.00017212633523686543,7.641661102187509e-05,1.880833651631802e-05,0.0001519333543155696,0.5545423019284137,0.015610742764105486,0.5382933083026838,0.5708782316432324,1024,5,42,"[19, 20, 21, 22, 23]",0,"[19, 20, 21, 22, 23]"
13.35,0.536,0.386,0.806,0.351,3.8452595908656035,3.3677873246482584,2.222263434960359,4.928809807631987,2.2276747907273076,5,40,80,40,40,40,0.5,16.0,28,10,4.0,4,30,2,full,240,391,300,91,91,0,167,133,133,0.034504166382892276,0.03183438437353137,0.002594532669085714,0.07151359904753574,3.139879140843197,0.9610278876711461,6.800000000000001e-08,6.8e-08,6.1880000000000016e-06,5,"[38, 39, 40, 41, 42]",0.00012857171137070696,4.134690349780361e-05,0.00021538409645284747,0.00010315223016853959,4.993444267362083e-05,0.00017911477600616432,0.5409801625401183,0.01154735772789903,0.5215541645109942,0.5522768686809434,1024,5,42,"[38, 39, 40, 41, 42]",0,"[38, 39, 40, 41, 42]"
13.35,0.536,0.386,0.806,0.351,3.8452595908656035,3.3677873246482584,2.222263434960359,4.928809807631987,2.2276747907273076,5,40,80,40,40,40,0.5,16.0,28,10,4.0,4,30,2,full,240,391,300,91,91,0,167,133,133,0.5179681788606149,0.4981938160504644,0.0027198321502403533,1.0,47.13510427631595,1.0,6.800000000000001e-08,6.8e-08,6.1880000000000016e-06,5,"[57, 58, 59, 60, 61]",0.0001334838255409404,8.372342795432513e-05,0.0002432870574852089,0.00019508532156737638,9.56361715254871e-05,0.0002544258132012437,0.5545097823455285,0.008738686405671462,0.5474279804782943,0.5680266593026164,1024,5,42,"[57, 58, 59, 60, 61]",0,"[57, 58, 59, 60, 61]"
13.35,0.536,0.386,0.806,0.351,3.8452595908656035,3.3677873246482584,2.222263434960359,4.928809807631987,2.2276747907273076,5,57,120,60,60,60,0.5,24.0,42,10,4.0,4,50,3,full,353,598,460,138,138,0,255,205,133,0.004187659203739725,0.00046405055780369324,0.0035611420576564523,0.004854875406855308,0.577896970116082,0.4396117100932443,6.800000000000001e-08,6.8e-08,9.384000000000002e-06,5,"[0, 1, 2, 3, 4]",0.00021405647574145628,0.00015589025123004087,0.0002660304697898787,0.0002143141448021282,0.0001522363560239665,0.0003145961798898144,0.25650648053209113,0.008638803839245542,0.24586793068913115,0.2663355207846781,1024,5,42,"[0, 1, 2, 3, 4]",0,"[0, 1, 2, 3, 4]"
13.35,0.536,0.386,0.806,0.351,3.8452595908656035,3.3677873246482584,2.222263434960359,4.928809807631987,2.2276747907273076,5,57,120,60,60,60,0.5,24.0,42,10,4.0,4,50,3,full,353,598,460,138,138,0,255,205,133,0.2554514906331917,0.4175469736174131,0.006316093954111535,1.0,35.25230570738046,1.0,7.756521739130435e-08,1.08e-07,1.0704000000000001e-05,5,"[19, 20, 21, 22, 23]",9.931680910413865e-05,4.242049838087228e-05,0.00017212633523686543,7.641661102187509e-05,1.880833651631802e-05,0.0001519333543155696,0.3571308614305389,0.0140960079185948,0.3365824773227064,0.37309494381360725,1024,5,42,"[19, 20, 21, 22, 23]",0,"[19, 20, 21, 22, 23]"
13.35,0.536,0.386,0.806,0.351,3.8452595908656035,3.3677873246482584,2.222263434960359,4.928809807631987,2.2276747907273076,5,57,120,60,60,60,0.5,24.0,42,10,4.0,4,50,3,full,353,598,460,138,138,0,255,205,133,0.030843781834658874,0.031416352932553404,0.002594532669085714,0.07151359904753574,4.256441893182925,0.9876795397793516,6.800000000000001e-08,6.8e-08,9.384000000000002e-06,5,"[38, 39, 40, 41, 42]",0.00012857171137070696,4.134690349780361e-05,0.00021538409645284747,0.00010315223016853959,4.993444267362083e-05,0.00017911477600616432,0.35733963676553854,0.015875552277460896,0.33658247732270635,0.37677711008929854,1024,5,42,"[38, 39, 40, 41, 42]",0,"[38, 39, 40, 41, 42]"
13.35,0.536,0.386,0.806,0.351,3.8452595908656035,3.3677873246482584,2.222263434960359,4.928809807631987,2.2276747907273076,5,57,120,60,60,60,0.5,24.0,42,10,4.0,4,50,3,full,353,598,460,138,138,0,255,205,133,0.5737839763178038,0.4931934968983881,0.0027198321502403533,1.0,79.18218873185691,1.0,6.800000000000001e-08,6.8e-08,9.384000000000002e-06,5,"[57, 58, 59, 60, 61]",0.0001334838255409404,8.372342795432513e-05,0.0002432870574852089,0.00019508532156737638,9.56361715254871e-05,0.0002544258132012437,0.3450866163424913,0.01669874086714966,0.32817306881360725,0.3666997449147552,1024,5,42,"[57, 58, 59, 60, 61]",0,"[57, 58, 59, 60, 61]"
9.75,0.44,0.22,0.919,0.36,2.7243742040545778,2.764601535159018,1.1243594760216102,5.717698629533424,2.284794657156213,5,14,22,14,8,8,0.36363636363636365,4.4,7,4,1.6,2,4,1,linear,45,63,55,8,8,0,21,34,133,0.004217343515768537,0.0004580934098542126,0.0035611420576564523,0.004854875406855308,0.0337387481261483,0.0332457373433197,6.8e-08,6.8e-08,5.44e-07,5,"[0, 1, 2, 3, 4]",0.00021405647574145628,0.00015589025123004087,0.0002660304697898787,0.0002143141448021282,0.0001522363560239665,0.0003145961798898144,0.06582031250000002,0.006199441503165556,0.05957031249999995,0.07617187499999994,1024,5,42,"[0, 1, 2, 3, 4]",1,"[0, 1, 2, 3, 4]"
9.75,0.44,0.22,0.919,0.36,2.7243742040545778,2.764601535159018,1.1243594760216102,5.717698629533424,2.284794657156213,5,14,22,14,8,8,0.36363636363636365,4.4,7,4,1.6,2,4,1,linear,45,63,55,8,8,0,21,34,133,0.2636586262958001,0.42526419043236613,0.006316093954111535,1.0,2.109269010366401,1.0,7.8e-08,1.08e-07,6.24e-07,5,"[19, 20, 21, 22, 23]",9.931680910413865e-05,4.242049838087228e-05,0.00017212633523686543,7.641661102187509e-05,1.880833651631802e-05,0.0001519333543155696,0.06953124999999999,0.009249031634805949,0.059570312499999944,0.0810546875,1024,5,42,"[19, 20, 21, 22, 23]",1,"[19, 20, 21, 22, 23]"
9.75,0.44,0.22,0.919,0.36,2.7243742040545778,2.764601535159018,1.1243594760216102,5.717698629533424,2.284794657156213,5,14,22,14,8,8,0.36363636363636365,4.4,7,4,1.6,2,4,1,linear,45,63,55,8,8,0,21,34,133,0.0358441367992043,0.03234318724849439,0.002594532669085714,0.07151359904753574,0.2867530943936344,0.25660212555283857,6.8e-08,6.8e-08,5.44e-07,5,"[38, 39, 40, 41, 42]",0.00012857171137070696,4.134690349780361e-05,0.00021538409645284747,0.00010315223016853959,4.993444267362083e-05,0.00017911477600616432,0.06835937500000003,0.009029903324661583,0.05371093750000004,0.07812500000000001,1024,5,42,"[38, 39, 40, 41, 42]",1,"[38, 39, 40, 41, 42]"
9.75,0.44,0.22,0.919,0.36,2.7243742040545778,2.764601535159018,1.1243594760216102,5.717698629533424,2.284794657156213,5,14,22,14,8,8,0.36363636363636365,4.4,7,4,1.6,2,4,1,linear,45,63,55,8,8,0,21,34,133,0.5015028018316514,0.49849723912412264,0.0027198321502403533,1.0,4.012022414653211,1.0,6.8e-08,6.8e-08,5.44e-07,5,"[57, 58, 59, 60, 61]",0.0001334838255409404,8.372342795432513e-05,0.0002432870574852089,0.00019508532156737638,9.56361715254871e-05,0.0002544258132012437,0.066796875,0.008389348279263508,0.05761718749999995,0.07910156249999997,1024,5,42,"[57, 58, 59, 60, 61]",1,"[57, 58, 59, 60, 61]"
9.75,0.44,0.22,0.919,0.36,2.7243742040545778,2.764601535159018,1.1243594760216102,5.717698629533424,2.284794657156213,5,22,44,28,16,16,0.36363636363636365,8.8,14,4,1.6,2,12,2,linear,67,121,105,16,16,0,40,65,133,0.004217343515768537,0.0004580934098542126,0.0035611420576564523,0.004854875406855308,0.0674774962522966,0.06538619563513848,6.8e-08,6.8e-08,1.088e-06,5,"[0, 1, 2, 3, 4]",0.00021405647574145628,0.00015589025123004087,0.0002660304697898787,0.0002143141448021282,0.0001522363560239665,0.0003145961798898144,0.1353527518698768,0.009691809688112518,0.12787222163011946,0.14790270429698119,1024,5,42,"[0, 1, 2, 3, 4]",1,"[0, 1, 2, 3, 4]"
9.75,0.44,0.22,0.919,0.36,2.7243742040545778,2.764601535159018,1.1243594760216102,5.717698629533424,2.284794657156213,5,22,44,28,16,16,0.36363636363636365,8.8,14,4,1.6,2,12,2,linear,67,121,105,16,16,0,40,65,133,0.2636586262958001,0.4252641904323661,0.006316093954111535,1.0,4.218538020732802,1.0,7.8e-08,1.08e-07,1.248e-06,5,"[19, 20, 21, 22, 23]",9.931680910413865e-05,4.242049838087228e-05,0.00017212633523686543,7.641661102187509e-05,1.880833651631802e-05,0.0001519333543155696,0.40100095365752536,0.0051024806553176295,0.3965087661575254,0.4092040786575254,1024,5,42,"[19, 20, 21, 22, 23]",1,"[19, 20, 21, 22, 23]"
9.75,0.44,0.22,0.919,0.36,2.7243742040545778,2.764601535159018,1.1243594760216102,5.717698629533424,2.284794657156213,5,22,44,28,16,16,0.36363636363636365,8.8,14,4,1.6,2,12,2,linear,67,121,105,16,16,0,40,65,133,0.0358441367992043,0.03234318724849439,0.002594532669085714,0.07151359904753574,0.5735061887872688,0.4473596002674425,6.8e-08,6.8e-08,1.088e-06,5,"[38, 39, 40, 41, 42]",0.00012857171137070696,4.134690349780361e-05,0.00021538409645284747,0.00010315223016853959,4.993444267362083e-05,0.00017911477600616432,0.18555555937042095,0.013002283216356382,0.17630448849338254,0.20661057708925684,1024,5,42,"[38, 39, 40, 41, 42]",1,"[38, 39, 40, 41, 42]"
9.75,0.44,0.22,0.919,0.36,2.7243742040545778,2.764601535159018,1.1243594760216102,5.717698629533424,2.284794657156213,5,22,44,28,16,16,0.36363636363636365,8.8,14,4,1.6,2,12,2,linear,67,121,105,16,16,0,40,65,133,0.5015028018316513,0.49849723912412264,0.0027198321502403533,1.0,8.02404482930642,1.0,6.8e-08,6.8e-08,1.088e-06,5,"[57, 58, 59, 60, 61]",0.0001334838255409404,8.372342795432513e-05,0.0002432870574852089,0.00019508532156737638,9.56361715254871e-05,0.0002544258132012437,0.38939425887341733,0.010422828288314262,0.37928332893593375,0.4023681411575254,1024,5,42,"[57, 58, 59, 60, 61]",1,"[57, 58, 59, 60, 61]"
9.75,0.44,0.22,0.919,0.36,2.7243742040545778,2.764601535159018,1.1243594760216102,5.717698629533424,2.284794657156213,5,30,66,42,24,24,0.36363636363636365,13.2,21,4,1.6,2,20,3,linear,89,179,155,24,24,0,59,96,133,0.004217343515768537,0.0004580934098542126,0.0035611420576564523,0.004854875406855308,0.1012162443784449,0.09645812069249382,6.8e-08,6.8e-08,1.632e-06,5,"[0, 1, 2, 3, 4]",0.00021405647574145628,0.00015589025123004087,0.0002660304697898787,0.0002143141448021282,0.0001522363560239665,0.0003145961798898144,0.1280160052405,0.005470748779971996,0.12030622273679148,0.1347455640901552,1024,5,42,"[0, 1, 2, 3, 4]",1,"[0, 1, 2, 3, 4]"
9.75,0.44,0.22,0.919,0.36,2.7243742040545778,2.764601535159018,1.1243594760216102,5.717698629533424,2.284794657156213,5,30,66,42,24,24,0.36363636363636365,13.2,21,4,1.6,2,20,3,linear,89,179,155,24,24,0,59,96,133,0.2636586262958001,0.4252641904323661,0.006316093954111535,1.0,6.327807031099203,1.0,7.8e-08,1.08e-07,1.872e-06,5,"[19, 20, 21, 22, 23]",9.931680910413865e-05,4.242049838087228e-05,0.00017212633523686543,7.641661102187509e-05,1.880833651631802e-05,0.0001519333543155696,0.3469001421059425,0.010730020187483612,0.33486240328533234,0.3591598771128721,1024,5,42,"[19, 20, 21, 22, 23]",1,"[19, 20, 21, 22, 23]"
9.75,0.44,0.22,0.919,0.36,2.7243742040545778,2.764601535159018,1.1243594760216102,5.717698629533424,2.284794657156213,5,30,66,42,24,24,0.36363636363636365,13.2,21,4,1.6,2,20,3,linear,89,179,155,24,24,0,59,96,133,0.0358441367992043,0.03234318724849439,0.002594532669085714,0.07151359904753574,0.8602592831809032,0.5891683015051867,6.8e-08,6.8e-08,1.632e-06,5,"[38, 39, 40, 41, 42]",0.00012857171137070696,4.134690349780361e-05,0.00021538409645284747,0.00010315223016853959,4.993444267362083e-05,0.00017911477600616432,0.2813684349594617,0.012414293275658567,0.2673483512641889,0.30126159924825513,1024,5,42,"[38, 39, 40, 41, 42]",1,"[38, 39, 40, 41, 42]"
9.75,0.44,0.22,0.919,0.36,2.7243742040545778,2.764601535159018,1.1243594760216102,5.717698629533424,2.284794657156213,5,30,66,42,24,24,0.36363636363636365,13.2,21,4,1.6,2,20,3,linear,89,179,155,24,24,0,59,96,133,0.5015028018316513,0.49849723912412264,0.0027198321502403533,1.0,12.036067243959632,1.0,6.8e-08,6.8e-08,1.632e-06,5,"[57, 58, 59, 60, 61]",0.0001334838255409404,8.372342795432513e-05,0.0002432870574852089,0.00019508532156737638,9.56361715254871e-05,0.0002544258132012437,0.34189289975602827,0.004539009622985231,0.33519687999325043,0.3464981493140433,1024,5,42,"[57, 58, 59, 60, 61]",1,"[57, 58, 59, 60, 61]"
9.75,0.44,0.22,0.919,0.36,2.7243742040545778,2.764601535159018,1.1243594760216102,5.717698629533424,2.284794657156213,5,23,40,20,20,20,0.5,8.0,14,10,4.0,4,10,1,full,125,195,151,44,44,0,82,69,133,0.004222722145634491,0.0004470783053332354,0.0035611420576564523,0.004854875406855308,0.18579977440791762,0.16989045697982663,6.800000000000001e-08,6.8e-08,2.9920000000000003e-06,5,"[0, 1, 2, 3, 4]",0.00021405647574145628,0.00015589025123004087,0.0002660304697898787,0.0002143141448021282,0.0001522363560239665,0.0003145961798898144,0.06484375000000005,0.010799739297616538,0.05078125000000017,0.07714843749999997,1024,5,42,"[0, 1, 2, 3, 4]",1,"[0, 1, 2, 3, 4]"
9.75,0.44,0.22,0.919,0.36,2.7243742040545778,2.764601535159018,1.1243594760216102,5.717698629533424,2.284794657156213,5,23,40,20,20,20,0.5,8.0,14,10,4.0,4,10,1,full,125,195,151,44,44,0,82,69,133,0.2681439247659132,0.4226760197083504,0.006316093954111535,1.0,11.79833268970018,1.0,7.800000000000001e-08,1.08e-07,3.4320000000000003e-06,5,"[19, 20, 21, 22, 23]",9.931680910413865e-05,4.242049838087228e-05,0.00017212633523686543,7.641661102187509e-05,1.880833651631802e-05,0.0001519333543155696,0.07343750000000002,0.006114248375975943,0.06347656250000006,0.07910156249999986,1024,5,42,"[19, 20, 21, 22, 23]",1,"[19, 20, 21, 22, 23]"
9.75,0.44,0.22,0.919,0.36,2.7243742040545778,2.764601535159018,1.1243594760216102,5.717698629533424,2.284794657156213,5,23,40,20,20,20,0.5,8.0,14,10,4.0,4,10,1,full,125,195,151,44,44,0,82,69,133,0.025355203551295145,0.02998247000524155,0.002594532669085714,0.07151359904753574,1.1156289562569863,0.6837244973701624,6.800000000000001e-08,6.8e-08,2.9920000000000003e-06,5,"[38, 39, 40, 41, 42]",0.00012857171137070696,4.134690349780361e-05,0.00021538409645284747,0.00010315223016853959,4.993444267362083e-05,0.00017911477600616432,0.07207031250000004,0.011521782190431706,0.061523437499999896,0.08691406250000001,1024,5,42,"[38, 39, 40, 41, 42]",1,"[38, 39, 40, 41, 42]"
9.75,0.44,0.22,0.919,0.36,2.7243742040545778,2.764601535159018,1.1243594760216102,5.717698629533424,2.284794657156213,5,23,40,20,20,20,0.5,8.0,14,10,4.0,4,10,1,full,125,195,151,44,44,0,82,69,133,0.6601480207389739,0.47254502696410783,0.0027198321502403533,1.0,29.046512912514853,1.0,6.800000000000001e-08,6.8e-08,2.9920000000000003e-06,5,"[57, 58, 59, 60, 61]",0.0001334838255409404,8.372342795432513e-05,0.0002432870574852089,0.00019508532156737638,9.56361715254871e-05,0.0002544258132012437,0.06562499999999999,0.0065655219976451145,0.05957031250000005,0.07519531249999993,1024,5,42,"[57, 58, 59, 60, 61]",1,"[57, 58, 59, 60, 61]"
9.75,0.44,0.22,0.919,0.36,2.7243742040545778,2.764601535159018,1.1243594760216102,5.717698629533424,2.284794657156213,5,40,80,40,40,40,0.5,16.0,28,10,4.0,4,30,2,full,240,391,300,91,91,0,167,133,133,0.004156385672871871,0.0004576178243353815,0.0035611420576564523,0.004854875406855308,0.3782310962313403,0.31547418859941734,6.800000000000001e-08,6.8e-08,6.1880000000000016e-06,5,"[0, 1, 2, 3, 4]",0.00021405647574145628,0.00015589025123004087,0.0002660304697898787,0.0002143141448021282,0.0001522363560239665,0.0003145961798898144,0.2562763519000467,0.008404434059933116,0.24760512320834105,0.26538346811012437,1024,5,42,"[0, 1, 2, 3, 4]",1,"[0, 1, 2, 3, 4]"
9.75,0.44,0.22,0.919,0.36,2.7243742040545778,2.764601535159018,1.1243594760216102,5.717698629533424,2.284794657156213,5,40,80,40,40,40,0.5,16.0,28,10,4.0,4,30,2,full,240,391,300,91,91,0,167,133,133,0.22469688696549608,0.3984290707051957,0.006316093954111535,1.0,20.447416713860143,1.0,7.635164835164836e-08,1.08e-07,6.948000000000001e-06,5,"[19, 20, 21, 22, 23]",9.931680910413865e-05,4.242049838087228e-05,0.00017212633523686543,7.641661102187509e-05,1.880833651631802e-05,0.0001519333543155696,0.4059849462885083,0.008932204996805063,0.40014909311012437,0.42143324820834105,1024,5,42,"[19, 20, 21, 22, 23]",1,"[19, 20, 21, 22, 23]"
9.75,0.44,0.22,0.919,0.36,2.7243742040545778,2.764601535159018,1.1243594760216102,5.717698629533424,2.284794657156213,5,40,80,40,40,40,0.5,16.0,28,10,4.0,4,30,2,full,240,391,300,91,91,0,167,133,133,0.034504166382892276,0.03183438437353137,0.002594532669085714,0.07151359904753574,3.139879140843197,0.9610278876711461,6.800000000000001e-08,6.8e-08,6.1880000000000016e-06,5,"[38, 39, 40, 41, 42]",0.00012857171137070696,4.134690349780361e-05,0.00021538409645284747,0.00010315223016853959,4.993444267362083e-05,0.00017911477600616432,0.39369678094724897,0.013929488115738034,0.38257096811012437,0.41577409311012437,1024,5,42,"[38, 39, 40, 41, 42]",1,"[38, 39, 40, 41, 42]"
9.75,0.44,0.22,0.919,0.36,2.7243742040545778,2.764601535159018,1.1243594760216102,5.717698629533424,2.284794657156213,5,40,80,40,40,40,0.5,16.0,28,10,4.0,4,30,2,full,240,391,300,91,91,0,167,133,133,0.5179681788606149,0.4981938160504644,0.0027198321502403533,1.0,47.13510427631595,1.0,6.800000000000001e-08,6.8e-08,6.1880000000000016e-06,5,"[57, 58, 59, 60, 61]",0.0001334838255409404,8.372342795432513e-05,0.0002432870574852089,0.00019508532156737638,9.56361715254871e-05,0.0002544258132012437,0.39884406547848494,0.011708125890963544,0.3865598289038275,0.4146799215020442,1024,5,42,"[57, 58, 59, 60, 61]",1,"[57, 58, 59, 60, 61]"
9.75,0.44,0.22,0.919,0.36,2.7243742040545778,2.764601535159018,1.1243594760216102,5.717698629533424,2.284794657156213,5,57,120,60,60,60,0.5,24.0,42,10,4.0,4,50,3,full,353,598,460,138,138,0,255,205,133,0.004187659203739725,0.00046405055780369324,0.0035611420576564523,0.004854875406855308,0.577896970116082,0.4396117100932443,6.800000000000001e-08,6.8e-08,9.384000000000002e-06,5,"[0, 1, 2, 3, 4]",0.00021405647574145628,0.00015589025123004087,0.0002660304697898787,0.0002143141448021282,0.0001522363560239665,0.0003145961798898144,0.21558810882412477,0.008218420468344237,0.20748965414732226,0.22548660225311273,1024,5,42,"[0, 1, 2, 3, 4]",1,"[0, 1, 2, 3, 4]"
9.75,0.44,0.22,0.919,0.36,2.7243742040545778,2.764601535159018,1.1243594760216102,5.717698629533424,2.284794657156213,5,57,120,60,60,60,0.5,24.0,42,10,4.0,4,50,3,full,353,598,460,138,138,0,255,205,133,0.2554514906331917,0.4175469736174131,0.006316093954111535,1.0,35.25230570738046,1.0,7.756521739130435e-08,1.08e-07,1.0704000000000001e-05,5,"[19, 20, 21, 22, 23]",9.931680910413865e-05,4.242049838087228e-05,0.00017212633523686543,7.641661102187509e-05,1.880833651631802e-05,0.0001519333543155696,0.2876007370621144,0.016510098181861454,0.27255442790540385,0.30991907001785646,1024,5,42,"[19, 20, 21, 22, 23]",1,"[19, 20, 21, 22, 23]"
9.75,0.44,0.22,0.919,0.36,2.7243742040545778,2.764601535159018,1.1243594760216102,5.717698629533424,2.284794657156213,5,57,120,60,60,60,0.5,24.0,42,10,4.0,4,50,3,full,353,598,460,138,138,0,255,205,133,0.030843781834658874,0.031416352932553404,0.002594532669085714,0.07151359904753574,4.256441893182925,0.9876795397793516,6.800000000000001e-08,6.8e-08,9.384000000000002e-06,5,"[38, 39, 40, 41, 42]",0.00012857171137070696,4.134690349780361e-05,0.00021538409645284747,0.00010315223016853959,4.993444267362083e-05,0.00017911477600616432,0.2935658303258648,0.01101389961885122,0.28356539657126195,0.31121157930233856,1024,5,42,"[38, 39, 40, 41, 42]",1,"[38, 39, 40, 41, 42]"
9.75,0.44,0.22,0.919,0.36,2.7243742040545778,2.764601535159018,1.1243594760216102,5.717698629533424,2.284794657156213,5,57,120,60,60,60,0.5,24.0,42,10,4.0,4,50,3,full,353,598,460,138,138,0,255,205,133,0.5737839763178038,0.4931934968983881,0.0027198321502403533,1.0,79.18218873185691,1.0,6.800000000000001e-08,6.8e-08,9.384000000000002e-06,5,"[57, 58, 59, 60, 61]",0.0001334838255409404,8.372342795432513e-05,0.0002432870574852089,0.00019508532156737638,9.56361715254871e-05,0.0002544258132012437,0.29310124716601105,0.00468259860200232,0.2887714279604619,0.2999267816197093,1024,5,42,"[57, 58, 59, 60, 61]",1,"[57, 58, 59, 60, 61]"
8.74,0.862,0.203,0.817,0.19,2.4099035816437064,5.416105734788803,1.0119235284194492,5.005604294719737,1.2058638468324459,5,14,22,14,8,8,0.36363636363636365,4.4,7,4,1.6,2,4,1,linear,45,63,55,8,8,0,21,34,133,0.004217343515768537,0.0004580934098542126,0.0035611420576564523,0.004854875406855308,0.0337387481261483,0.0332457373433197,6.8e-08,6.8e-08,5.44e-07,5,"[0, 1, 2, 3, 4]",0.00021405647574145628,0.00015589025123004087,0.0002660304697898787,0.0002143141448021282,0.0001522363560239665,0.0003145961798898144,0.06328125000000004,0.0067092047020771645,0.05371093750000006,0.07128906249999994,1024,5,42,"[0, 1, 2, 3, 4]",2,"[0, 1, 2, 3, 4]"
8.74,0.862,0.203,0.817,0.19,2.4099035816437064,5.416105734788803,1.0119235284194492,5.005604294719737,1.2058638468324459,5,14,22,14,8,8,0.36363636363636365,4.4,7,4,1.6,2,4,1,linear,45,63,55,8,8,0,21,34,133,0.2636586262958001,0.42526419043236613,0.006316093954111535,1.0,2.109269010366401,1.0,7.8e-08,1.08e-07,6.24e-07,5,"[19, 20, 21, 22, 23]",9.931680910413865e-05,4.242049838087228e-05,0.00017212633523686543,7.641661102187509e-05,1.880833651631802e-05,0.0001519333543155696,0.06953124999999999,0.012107012118257768,0.05273437499999996,0.08203124999999993,1024,5,42,"[19, 20, 21, 22, 23]",2,"[19, 20, 21, 22, 23]"
8.74,0.862,0.203,0.817,0.19,2.4099035816437064,5.416105734788803,1.0119235284194492,5.005604294719737,1.2058638468324459,5,14,22,14,8,8,0.36363636363636365,4.4,7,4,1.6,2,4,1,linear,45,63,55,8,8,0,21,34,133,0.0358441367992043,0.03234318724849439,0.002594532669085714,0.07151359904753574,0.2867530943936344,0.25660212555283857,6.8e-08,6.8e-08,5.44e-07,5,"[38, 39, 40, 41, 42]",0.00012857171137070696,4.134690349780361e-05,0.00021538409645284747,0.00010315223016853959,4.993444267362083e-05,0.00017911477600616432,0.0634765625,0.005524271728019913,0.05859374999999993,0.07031250000000006,1024,5,42,"[38, 39, 40, 41, 42]",2,"[38, 39, 40, 41, 42]"
8.74,0.862,0.203,0.817,0.19,2.4099035816437064,5.416105734788803,1.0119235284194492,5.005604294719737,1.2058638468324459,5,14,22,14,8,8,0.36363636363636365,4.4,7,4,1.6,2,4,1,linear,45,63,55,8,8,0,21,34,133,0.5015028018316514,0.49849723912412264,0.0027198321502403533,1.0,4.012022414653211,1.0,6.8e-08,6.8e-08,5.44e-07,5,"[57, 58, 59, 60, 61]",0.0001334838255409404,8.372342795432513e-05,0.0002432870574852089,0.00019508532156737638,9.56361715254871e-05,0.0002544258132012437,0.06835937500000004,0.006098630857810917,0.061523437500000076,0.07617187500000004,1024,5,42,"[57, 58, 59, 60, 61]",2,"[57, 58, 59, 60, 61]"
8.74,0.862,0.203,0.817,0.19,2.4099035816437064,5.416105734788803,1.0119235284194492,5.005604294719737,1.2058638468324459,5,22,44,28,16,16,0.36363636363636365,8.8,14,4,1.6,2,12,2,linear,67,121,105,16,16,0,40,65,133,0.004217343515768537,0.0004580934098542126,0.0035611420576564523,0.004854875406855308,0.0674774962522966,0.06538619563513848,6.8e-08,6.8e-08,1.088e-06,5,"[0, 1, 2, 3, 4]",0.00021405647574145628,0.00015589025123004087,0.0002660304697898787,0.0002143141448021282,0.0001522363560239665,0.0003145961798898144,0.1004643975208194,0.006821064494869389,0.09285372266183696,0.109022689819849,1024,5,42,"[0, 1, 2, 3, 4]",2,"[0, 1, 2, 3, 4]"
8.74,0.862,0.203,0.817,0.19,2.4099035816437064,5.416105734788803,1.0119235284194492,5.005604294719737,1.2058638468324459,5,22,44,28,16,16,0.36363636363636365,8.8,14,4,1.6,2,12,2,linear,67,121,105,16,16,0,40,65,133,0.2636586262958001,0.4252641904323661,0.006316093954111535,1.0,4.218538020732802,1.0,7.8e-08,1.08e-07,1.248e-06,5,"[19, 20, 21, 22, 23]",9.931680910413865e-05,4.242049838087228e-05,0.00017212633523686543,7.641661102187509e-05,1.880833651631802e-05,0.0001519333543155696,0.1855472974359674,0.015818394263759767,0.1661146457474608,0.21017985888443153,1024,5,42,"[19, 20, 21, 22, 23]",2,"[19, 20, 21, 22, 23]"
8.74,0.862,0.203,0.817,0.19,2.4099035816437064,5.416105734788803,1.0119235284194492,5.005604294719737,1.2058638468324459,5,22,44,28,16,16,0.36363636363636365,8.8,14,4,1.6,2,12,2,linear,67,121,105,16,16,0,40,65,133,0.0358441367992043,0.03234318724849439,0.002594532669085714,0.07151359904753574,0.5735061887872688,0.4473596002674425,6.8e-08,6.8e-08,1.088e-06,5,"[38, 39, 40, 41, 42]",0.00012857171137070696,4.134690349780361e-05,0.00021538409645284747,0.00010315223016853959,4.993444267362083e-05,0.00017911477600616432,0.2030921055219966,0.015823949421848848,0.18244392865526649,0.22405192910219268,1024,5,42,"[38, 39, 40, 41, 42]",2,"[38, 39, 40, 41, 42]"
8.74,0.862,0.203,0.817,0.19,2.4099035816437064,5.416105734788803,1.0119235284194492,5.005604294719737,1.2058638468324459,5,22,44,28,16,16,0.36363636363636365,8.8,14,4,1.6,2,12,2,linear,67,121,105,16,16,0,40,65,133,0.5015028018316513,0.49849723912412264,0.0027198321502403533,1.0,8.02404482930642,1.0,6.8e-08,6.8e-08,1.088e-06,5,"[57, 58, 59, 60, 61]",0.0001334838255409404,8.372342795432513e-05,0.0002432870574852089,0.00019508532156737638,9.56361715254871e-05,0.0002544258132012437,0.26304004217130295,0.010667091566082611,0.24412940833142066,0.2693919712660475,1024,5,42,"[57, 58, 59, 60, 61]",2,"[57, 58, 59, 60, 61]"
8.74,0.862,0.203,0.817,0.19,2.4099035816437064,5.416105734788803,1.0119235284194492,5.005604294719737,1.2058638468324459,5,30,66,42,24,24,0.36363636363636365,13.2,21,4,1.6,2,20,3,linear,89,179,155,24,24,0,59,96,133,0.004217343515768537,0.0004580934098542126,0.0035611420576564523,0.004854875406855308,0.1012162443784449,0.09645812069249382,6.8e-08,6.8e-08,1.632e-06,5,"[0, 1, 2, 3, 4]",0.00021405647574145628,0.00015589025123004087,0.0002660304697898787,0.0002143141448021282,0.0001522363560239665,0.0003145961798898144,0.21756988214329417,0.015840020319858362,0.2009048194298848,0.23960869954522535,1024,5,42,"[0, 1, 2, 3, 4]",2,"[0, 1, 2, 3, 4]"
8.74,0.862,0.203,0.817,0.19,2.4099035816437064,5.416105734788803,1.0119235284194492,5.005604294719737,1.2058638468324459,5,30,66,42,24,24,0.36363636363636365,13.2,21,4,1.6,2,20,3,linear,89,179,155,24,24,0,59,96,133,0.2636586262958001,0.4252641904323661,0.006316093954111535,1.0,6.327807031099203,1.0,7.8e-08,1.08e-07,1.872e-06,5,"[19, 20, 21, 22, 23]",9.931680910413865e-05,4.242049838087228e-05,0.00017212633523686543,7.641661102187509e-05,1.880833651631802e-05,0.0001519333543155696,0.6726752115213601,0.017624180118618726,0.6519720865213601,0.6978705240213601,1024,5,42,"[19, 20, 21, 22, 23]",2,"[19, 20, 21, 22, 23]"
8.74,0.862,0.203,0.817,0.19,2.4099035816437064,5.416105734788803,1.0119235284194492,5.005604294719737,1.2058638468324459,5,30,66,42,24,24,0.36363636363636365,13.2,21,4,1.6,2,20,3,linear,89,179,155,24,24,0,59,96,133,0.0358441367992043,0.03234318724849439,0.002594532669085714,0.07151359904753574,0.8602592831809032,0.5891683015051867,6.8e-08,6.8e-08,1.632e-06,5,"[38, 39, 40, 41, 42]",0.00012857171137070696,4.134690349780361e-05,0.00021538409645284747,0.00010315223016853959,4.993444267362083e-05,0.00017911477600616432,0.3052774049994891,0.004841083556514237,0.2972213417390315,0.30965357166684626,1024,5,42,"[38, 39, 40, 41, 42]",2,"[38, 39, 40, 41, 42]"
8.74,0.862,0.203,0.817,0.19,2.4099035816437064,5.416105734788803,1.0119235284194492,5.005604294719737,1.2058638468324459,5,30,66,42,24,24,0.36363636363636365,13.2,21,4,1.6,2,20,3,linear,89,179,155,24,24,0,59,96,133,0.5015028018316513,0.49849723912412264,0.0027198321502403533,1.0,12.036067243959632,1.0,6.8e-08,6.8e-08,1.632e-06,5,"[57, 58, 59, 60, 61]",0.0001334838255409404,8.372342795432513e-05,0.0002432870574852089,0.00019508532156737638,9.56361715254871e-05,0.0002544258132012437,0.6875528187438966,0.011165639762449405,0.6690603196314373,0.6989333402176241,1024,5,42,"[57, 58, 59, 60, 61]",2,"[57, 58, 59, 60, 61]"
8.74,0.862,0.203,0.817,0.19,2.4099035816437064,5.416105734788803,1.0119235284194492,5.005604294719737,1.2058638468324459,5,23,40,20,20,20,0.5,8.0,14,10,4.0,4,10,1,full,125,195,151,44,44,0,82,69,133,0.004222722145634491,0.0004470783053332354,0.0035611420576564523,0.004854875406855308,0.18579977440791762,0.16989045697982663,6.800000000000001e-08,6.8e-08,2.9920000000000003e-06,5,"[0, 1, 2, 3, 4]",0.00021405647574145628,0.00015589025123004087,0.0002660304697898787,0.0002143141448021282,0.0001522363560239665,0.0003145961798898144,0.06894531250000005,0.00801138449296632,0.05664062499999997,0.07910156250000008,1024,5,42,"[0, 1, 2, 3, 4]",2,"[0, 1, 2, 3, 4]"
8.74,0.862,0.203,0.817,0.19,2.4099035816437064,5.416105734788803,1.0119235284194492,5.005604294719737,1.2058638468324459,5,23,40,20,20,20,0.5,8.0,14,10,4.0,4,10,1,full,125,195,151,44,44,0,82,69,133,0.2681439247659132,0.4226760197083504,0.006316093954111535,1.0,11.79833268970018,1.0,7.800000000000001e-08,1.08e-07,3.4320000000000003e-06,5,"[19, 20, 21, 22, 23]",9.931680910413865e-05,4.242049838087228e-05,0.00017212633523686543,7.641661102187509e-05,1.880833651631802e-05,0.0001519333543155696,0.07675781250000005,0.008360880778517177,0.06738281250000011,0.08984375000000006,1024,5,42,"[19, 20, 21, 22, 23]",2,"[19, 20, 21, 22, 23]"
8.74,0.862,0.203,0.817,0.19,2.4099035816437064,5.416105734788803,1.0119235284194492,5.005604294719737,1.2058638468324459,5,23,40,20,20,20,0.5,8.0,14,10,4.0,4,10,1,full,125,195,151,44,44,0,82,69,133,0.025355203551295145,0.02998247000524155,0.002594532669085714,0.07151359904753574,1.1156289562569863,0.6837244973701624,6.800000000000001e-08,6.8e-08,2.9920000000000003e-06,5,"[38, 39, 40, 41, 42]",0.00012857171137070696,4.134690349780361e-05,0.00021538409645284747,0.00010315223016853959,4.993444267362083e-05,0.00017911477600616432,0.06718750000000002,0.005996125559769013,0.06054687500000004,0.07421875000000004,1024,5,42,"[38, 39, 40, 41, 42]",2,"[38, 39, 40, 41, 42]"
8.74,0.862,0.203,0.817,0.19,2.4099035816437064,5.416105734788803,1.0119235284194492,5.005604294719737,1.2058638468324459,5,23,40,20,20,20,0.5,8.0,14,10,4.0,4,10,1,full,125,195,151,44,44,0,82,69,133,0.6601480207389739,0.47254502696410783,0.0027198321502403533,1.0,29.046512912514853,1.0,6.800000000000001e-08,6.8e-08,2.9920000000000003e-06,5,"[57, 58, 59, 60, 61]",0.0001334838255409404,8.372342795432513e-05,0.0002432870574852089,0.00019508532156737638,9.56361715254871e-05,0.0002544258132012437,0.06855468750000003,0.00513972553396124,0.062499999999999986,0.07324218750000003,1024,5,42,"[57, 58, 59, 60, 61]",2,"[57, 58, 59, 60, 61]"
8.74,0.862,0.203,0.817,0.19,2.4099035816437064,5.416105734788803,1.0119235284194492,5.005604294719737,1.2058638468324459,5,40,80,40,40,40,0.5,16.0,28,10,4.0,4,30,2,full,240,391,300,91,91,0,167,133,133,0.004156385672871871,0.0004576178243353815,0.0035611420576564523,0.004854875406855308,0.3782310962313403,0.31547418859941734,6.800000000000001e-08,6.8e-08,6.1880000000000016e-06,5,"[0, 1, 2, 3, 4]",0.00021405647574145628,0.00015589025123004087,0.0002660304697898787,0.0002143141448021282,0.0001522363560239665,0.0003145961798898144,0.18178522104348124,0.010705064411494065,0.16617748130666088,0.19260661372061835,1024,5,42,"[0, 1, 2, 3, 4]",2,"[0, 1, 2, 3, 4]"
8.74,0.862,0.203,0.817,0.19,2.4099035816437064,5.416105734788803,1.0119235284194492,5.005604294719737,1.2058638468324459,5,40,80,40,40,40,0.5,16.0,28,10,4.0,4,30,2,full,240,391,300,91,91,0,167,133,133,0.22469688696549608,0.3984290707051957,0.006316093954111535,1.0,20.447416713860143,1.0,7.635164835164836e-08,1.08e-07,6.948000000000001e-06,5,"[19, 20, 21, 22, 23]",9.931680910413865e-05,4.242049838087228e-05,0.00017212633523686543,7.641661102187509e-05,1.880833651631802e-05,0.0001519333543155696,0.3519633734432527,0.011294105550943036,0.33886541401919995,0.36322855416912586,1024,5,42,"[19, 20, 21, 22, 23]",2,"[19, 20, 21, 22, 23]"
8.74,0.862,0.203,0.817,0.19,2.4099035816437064,5.416105734788803,1.0119235284194492,5.005604294719737,1.2058638468324459,5,40,80,40,40,40,0.5,16.0,28,10,4.0,4,30,2,full,240,391,300,91,91,0,167,133,133,0.034504166382892276,0.03183438437353137,0.002594532669085714,0.07151359904753574,3.139879140843197,0.9610278876711461,6.800000000000001e-08,6.8e-08,6.1880000000000016e-06,5,"[38, 39, 40, 41, 42]",0.00012857171137070696,4.134690349780361e-05,0.00021538409645284747,0.00010315223016853959,4.993444267362083e-05,0.00017911477600616432,0.33979432317795755,0.012353439433969054,0.31847847883026026,0.3488002306852227,1024,5,42,"[38, 39, 40, 41, 42]",2,"[38, 39, 40, 41, 42]"
8.74,0.862,0.203,0.817,0.19,2.4099035816437064,5.416105734788803,1.0119235284194492,5.005604294719737,1.2058638468324459,5,40,80,40,40,40,0.5,16.0,28,10,4.0,4,30,2,full,240,391,300,91,91,0,167,133,133,0.5179681788606149,0.4981938160504644,0.0027198321502403533,1.0,47.13510427631595,1.0,6.800000000000001e-08,6.8e-08,6.1880000000000016e-06,5,"[57, 58, 59, 60, 61]",0.0001334838255409404,8.372342795432513e-05,0.0002432870574852089,0.00019508532156737638,9.56361715254871e-05,0.0002544258132012437,0.3529508477862901,0.019488637995602145,0.32331036898018617,0.36845235799628306,1024,5,42,"[57, 58, 59, 60, 61]",2,"[57, 58, 59, 60, 61]"
8.74,0.862,0.203,0.817,0.19,2.4099035816437064,5.416105734788803,1.0119235284194492,5.005604294719737,1.2058638468324459,5,57,120,60,60,60,0.5,24.0,42,10,4.0,4,50,3,full,353,598,460,138,138,0,255,205,133,0.004187659203739725,0.00046405055780369324,0.0035611420576564523,0.004854875406855308,0.577896970116082,0.4396117100932443,6.800000000000001e-08,6.8e-08,9.384000000000002e-06,5,"[0, 1, 2, 3, 4]",0.00021405647574145628,0.00015589025123004087,0.0002660304697898787,0.0002143141448021282,0.0001522363560239665,0.0003145961798898144,0.2885140295690569,0.015392196757960299,0.2687399582143907,0.30940843552259795,1024,5,42,"[0, 1, 2, 3, 4]",2,"[0, 1, 2, 3, 4]"
8.74,0.862,0.203,0.817,0.19,2.4099035816437064,5.416105734788803,1.0119235284194492,5.005604294719737,1.2058638468324459,5,57,120,60,60,60,0.5,24.0,42,10,4.0,4,50,3,full,353,598,460,138,138,0,255,205,133,0.2554514906331917,0.4175469736174131,0.006316093954111535,1.0,35.25230570738046,1.0,7.756521739130435e-08,1.08e-07,1.0704000000000001e-05,5,"[19, 20, 21, 22, 23]",9.931680910413865e-05,4.242049838087228e-05,0.00017212633523686543,7.641661102187509e-05,1.880833651631802e-05,0.0001519333543155696,0.5120234317604285,0.031212564962595182,0.47869459012997156,0.5614793566444822,1024,5,42,"[19, 20, 21, 22, 23]",2,"[19, 20, 21, 22, 23]"
8.74,0.862,0.203,0.817,0.19,2.4099035816437064,5.416105734788803,1.0119235284194492,5.005604294719737,1.2058638468324459,5,57,120,60,60,60,0.5,24.0,42,10,4.0,4,50,3,full,353,598,460,138,138,0,255,205,133,0.030843781834658874,0.031416352932553404,0.002594532669085714,0.07151359904753574,4.256441893182925,0.9876795397793516,6.800000000000001e-08,6.8e-08,9.384000000000002e-06,5,"[38, 39, 40, 41, 42]",0.00012857171137070696,4.134690349780361e-05,0.00021538409645284747,0.00010315223016853959,4.993444267362083e-05,0.00017911477600616432,0.5122200265222129,0.00995796491200786,0.4998674633803291,0.5255695901299716,1024,5,42,"[38, 39, 40, 41, 42]",2,"[38, 39, 40, 41, 42]"
8.74,0.862,0.203,0.817,0.19,2.4099035816437064,5.416105734788803,1.0119235284194492,5.005604294719737,1.2058638468324459,5,57,120,60,60,60,0.5,24.0,42,10,4.0,4,50,3,full,353,598,460,138,138,0,255,205,133,0.5737839763178038,0.4931934968983881,0.0027198321502403533,1.0,79.18218873185691,1.0,6.800000000000001e-08,6.8e-08,9.384000000000002e-06,5,"[57, 58, 59, 60, 61]",0.0001334838255409404,8.372342795432513e-05,0.0002432870574852089,0.00019508532156737638,9.56361715254871e-05,0.0002544258132012437,0.5116494927154107,0.004554577272016168,0.5058152941444822,0.5179578411574782,1024,5,42,"[57, 58, 59, 60, 61]",2,"[57, 58, 59, 60, 61]"
10.87,0.511,0.38,0.807,0.433,3.073094102173563,3.2107076919687687,2.1825801593360667,4.935791124639964,2.7481002404128896,5,14,22,14,8,8,0.36363636363636365,4.4,7,4,1.6,2,4,1,linear,45,63,55,8,8,0,21,34,133,0.004217343515768537,0.0004580934098542126,0.0035611420576564523,0.004854875406855308,0.0337387481261483,0.0332457373433197,6.8e-08,6.8e-08,5.44e-07,5,"[0, 1, 2, 3, 4]",0.00021405647574145628,0.00015589025123004087,0.0002660304697898787,0.0002143141448021282,0.0001522363560239665,0.0003145961798898144,0.06347656250000003,0.010101641047645115,0.05078124999999997,0.072265625,1024,5,42,"[0, 1, 2, 3, 4]",3,"[0, 1, 2, 3, 4]"
10.87,0.511,0.38,0.807,0.433,3.073094102173563,3.2107076919687687,2.1825801593360667,4.935791124639964,2.7481002404128896,5,14,22,14,8,8,0.36363636363636365,4.4,7,4,1.6,2,4,1,linear,45,63,55,8,8,0,21,34,133,0.2636586262958001,0.42526419043236613,0.006316093954111535,1.0,2.109269010366401,1.0,7.8e-08,1.08e-07,6.24e-07,5,"[19, 20, 21, 22, 23]",9.931680910413865e-05,4.242049838087228e-05,0.00017212633523686543,7.641661102187509e-05,1.880833651631802e-05,0.0001519333543155696,0.06835937500000003,0.006730492554731525,0.05859375000000006,0.07617187499999997,1024,5,42,"[19, 20, 21, 22, 23]",3,"[19, 20, 21, 22, 23]"
10.87,0.511,0.38,0.807,0.433,3.073094102173563,3.2107076919687687,2.1825801593360667,4.935791124639964,2.7481002404128896,5,14,22,14,8,8,0.36363636363636365,4.4,7,4,1.6,2,4,1,linear,45,63,55,8,8,0,21,34,133,0.0358441367992043,0.03234318724849439,0.002594532669085714,0.07151359904753574,0.2867530943936344,0.25660212555283857,6.8e-08,6.8e-08,5.44e-07,5,"[38, 39, 40, 41, 42]",0.00012857171137070696,4.134690349780361e-05,0.00021538409645284747,0.00010315223016853959,4.993444267362083e-05,0.00017911477600616432,0.06484375000000005,0.010909562534194499,0.052734375,0.080078125,1024,5,42,"[38, 39, 40, 41, 42]",3,"[38, 39, 40, 41, 42]"
10.87,0.511,0.38,0.807,0.433,3.073094102173563,3.2107076919687687,2.1825801593360667,4.935791124639964,2.7481002404128896,5,14,22,14,8,8,0.36363636363636365,4.4,7,4,1.6,2,4,1,linear,45,63,55,8,8,0,21,34,133,0.5015028018316514,0.49849723912412264,0.0027198321502403533,1.0,4.012022414653211,1.0,6.8e-08,6.8e-08,5.44e-07,5,"[57, 58, 59, 60, 61]",0.0001334838255409404,8.372342795432513e-05,0.0002432870574852089,0.00019508532156737638,9.56361715254871e-05,0.0002544258132012437,0.06835937500000004,0.009518353852352454,0.05175781250000014,0.07519531250000003,1024,5,42,"[57, 58, 59, 60, 61]",3,"[57, 58, 59, 60, 61]"
10.87,0.511,0.38,0.807,0.433,3.073094102173563,3.2107076919687687,2.1825801593360667,4.935791124639964,2.7481002404128896,5,22,44,28,16,16,0.36363636363636365,8.8,14,4,1.6,2,12,2,linear,67,121,105,16,16,0,40,65,133,0.004217343515768537,0.0004580934098542126,0.0035611420576564523,0.004854875406855308,0.0674774962522966,0.06538619563513848,6.8e-08,6.8e-08,1.088e-06,5,"[0, 1, 2, 3, 4]",0.00021405647574145628,0.00015589025123004087,0.0002660304697898787,0.0002143141448021282,0.0001522363560239665,0.0003145961798898144,0.2272618845890904,0.02033726188944198,0.20841389795741252,0.25498773907734695,1024,5,42,"[0, 1, 2, 3, 4]",3,"[0, 1, 2, 3, 4]"
10.87,0.511,0.38,0.807,0.433,3.073094102173563,3.2107076919687687,2.1825801593360667,4.935791124639964,2.7481002404128896,5,22,44,28,16,16,0.36363636363636365,8.8,14,4,1.6,2,12,2,linear,67,121,105,16,16,0,40,65,133,0.2636586262958001,0.4252641904323661,0.006316093954111535,1.0,4.218538020732802,1.0,7.8e-08,1.08e-07,1.248e-06,5,"[19, 20, 21, 22, 23]",9.931680910413865e-05,4.242049838087228e-05,0.00017212633523686543,7.641661102187509e-05,1.880833651631802e-05,0.0001519333543155696,0.7494654203252387,0.013504627076378256,0.7403910307189787,0.7733309109846287,1024,5,42,"[19, 20, 21, 22, 23]",3,"[19, 20, 21, 22, 23]"
10.87,0.511,0.38,0.807,0.433,3.073094102173563,3.2107076919687687,2.1825801593360667,4.935791124639964,2.7481002404128896,5,22,44,28,16,16,0.36363636363636365,8.8,14,4,1.6,2,12,2,linear,67,121,105,16,16,0,40,65,133,0.0358441367992043,0.03234318724849439,0.002594532669085714,0.07151359904753574,0.5735061887872688,0.4473596002674425,6.8e-08,6.8e-08,1.088e-06,5,"[38, 39, 40, 41, 42]",0.00012857171137070696,4.134690349780361e-05,0.00021538409645284747,0.00010315223016853959,4.993444267362083e-05,0.00017911477600616432,0.2861244051326319,0.01416262549676432,0.2666948985102106,0.300259356855038,1024,5,42,"[38, 39, 40, 41, 42]",3,"[38, 39, 40, 41, 42]"
10.87,0.511,0.38,0.807,0.433,3.073094102173563,3.2107076919687687,2.1825801593360667,4.935791124639964,2.7481002404128896,5,22,44,28,16,16,0.36363636363636365,8.8,14,4,1.6,2,12,2,linear,67,121,105,16,16,0,40,65,133,0.5015028018316513,0.49849723912412264,0.0027198321502403533,1.0,8.02404482930642,1.0,6.8e-08,6.8e-08,1.088e-06,5,"[57, 58, 59, 60, 61]",0.0001334838255409404,8.372342795432513e-05,0.0002432870574852089,0.00019508532156737638,9.56361715254871e-05,0.0002544258132012437,0.7379946317721087,0.010722086508587636,0.7296488432189787,0.7521097807189787,1024,5,42,"[57, 58, 59, 60, 61]",3,"[57, 58, 59, 60, 61]"
10.87,0.511,0.38,0.807,0.433,3.073094102173563,3.2107076919687687,2.1825801593360667,4.935791124639964,2.7481002404128896,5,30,66,42,24,24,0.36363636363636365,13.2,21,4,1.6,2,20,3,linear,89,179,155,24,24,0,59,96,133,0.004217343515768537,0.0004580934098542126,0.0035611420576564523,0.004854875406855308,0.1012162443784449,0.09645812069249382,6.8e-08,6.8e-08,1.632e-06,5,"[0, 1, 2, 3, 4]",0.00021405647574145628,0.00015589025123004087,0.0002660304697898787,0.0002143141448021282,0.0001522363560239665,0.0003145961798898144,0.09613504625275467,0.007528986608922644,0.0891802810599267,0.10824474042137797,1024,5,42,"[0, 1, 2, 3, 4]",3,"[0, 1, 2, 3, 4]"
10.87,0.511,0.38,0.807,0.433,3.073094102173563,3.2107076919687687,2.1825801593360667,4.935791124639964,2.7481002404128896,5,30,66,42,24,24,0.36363636363636365,13.2,21,4,1.6,2,20,3,linear,89,179,155,24,24,0,59,96,133,0.2636586262958001,0.4252641904323661,0.006316093954111535,1.0,6.327807031099203,1.0,7.8e-08,1.08e-07,1.872e-06,5,"[19, 20, 21, 22, 23]",9.931680910413865e-05,4.242049838087228e-05,0.00017212633523686543,7.641661102187509e-05,1.880833651631802e-05,0.0001519333543155696,0.2077548219016639,0.01942515051614604,0.1833174425926012,0.23326184743780704,1024,5,42,"[19, 20, 21, 22, 23]",3,"[19, 20, 21, 22, 23]"
10.87,0.511,0.38,0.807,0.433,3.073094102173563,3.2107076919687687,2.1825801593360667,4.935791124639964,2.7481002404128896,5,30,66,42,24,24,0.36363636363636365,13.2,21,4,1.6,2,20,3,linear,89,179,155,24,24,0,59,96,133,0.0358441367992043,0.03234318724849439,0.002594532669085714,0.07151359904753574,0.8602592831809032,0.5891683015051867,6.8e-08,6.8e-08,1.632e-06,5,"[38, 39, 40, 41, 42]",0.00012857171137070696,4.134690349780361e-05,0.00021538409645284747,0.00010315223016853959,4.993444267362083e-05,0.00017911477600616432,0.31401962891256674,0.00994785716950659,0.3039858946866848,0.3303530821866848,1024,5,42,"[38, 39, 40, 41, 42]",3,"[38, 39, 40, 41, 42]"
10.87,0.511,0.38,0.807,0.433,3.073094102173563,3.2107076919687687,2.1825801593360667,4.935791124639964,2.7481002404128896,5,30,66,42,24,24,0.36363636363636365,13.2,21,4,1.6,2,20,3,linear,89,179,155,24,24,0,59,96,133,0.5015028018316513,0.49849723912412264,0.0027198321502403533,1.0,12.036067243959632,1.0,6.8e-08,6.8e-08,1.632e-06,5,"[57, 58, 59, 60, 61]",0.0001334838255409404,8.372342795432513e-05,0.0002432870574852089,0.00019508532156737638,9.56361715254871e-05,0.0002544258132012437,0.3899261015276839,0.02248851907063323,0.35828547652768394,0.42078547652768394,1024,5,42,"[57, 58, 59, 60, 61]",3,"[57, 58, 59, 60, 61]"
10.87,0.511,0.38,0.807,0.433,3.073094102173563,3.2107076919687687,2.1825801593360667,4.935791124639964,2.7481002404128896,5,23,40,20,20,20,0.5,8.0,14,10,4.0,4,10,1,full,125,195,151,44,44,0,82,69,133,0.004222722145634491,0.0004470783053332354,0.0035611420576564523,0.004854875406855308,0.18579977440791762,0.16989045697982663,6.800000000000001e-08,6.8e-08,2.9920000000000003e-06,5,"[0, 1, 2, 3, 4]",0.00021405647574145628,0.00015589025123004087,0.0002660304697898787,0.0002143141448021282,0.0001522363560239665,0.0003145961798898144,0.0662109375,0.0072226023777736525,0.05957031250000003,0.07617187499999999,1024,5,42,"[0, 1, 2, 3, 4]",3,"[0, 1, 2, 3, 4]"
10.87,0.511,0.38,0.807,0.433,3.073094102173563,3.2107076919687687,2.1825801593360667,4.935791124639964,2.7481002404128896,5,23,40,20,20,20,0.5,8.0,14,10,4.0,4,10,1,full,125,195,151,44,44,0,82,69,133,0.2681439247659132,0.4226760197083504,0.006316093954111535,1.0,11.79833268970018,1.0,7.800000000000001e-08,1.08e-07,3.4320000000000003e-06,5,"[19, 20, 21, 22, 23]",9.931680910413865e-05,4.242049838087228e-05,0.00017212633523686543,7.641661102187509e-05,1.880833651631802e-05,0.0001519333543155696,0.06894531250000002,0.0032827609988225295,0.06347656250000012,0.072265625,1024,5,42,"[19, 20, 21, 22, 23]",3,"[19, 20, 21, 22, 23]"
10.87,0.511,0.38,0.807,0.433,3.073094102173563,3.2107076919687687,2.1825801593360667,4.935791124639964,2.7481002404128896,5,23,40,20,20,20,0.5,8.0,14,10,4.0,4,10,1,full,125,195,151,44,44,0,82,69,133,0.025355203551295145,0.02998247000524155,0.002594532669085714,0.07151359904753574,1.1156289562569863,0.6837244973701624,6.800000000000001e-08,6.8e-08,2.9920000000000003e-06,5,"[38, 39, 40, 41, 42]",0.00012857171137070696,4.134690349780361e-05,0.00021538409645284747,0.00010315223016853959,4.993444267362083e-05,0.00017911477600616432,0.06425781250000004,0.006529107285330702,0.05664062500000009,0.06933593750000001,1024,5,42,"[38, 39, 40, 41, 42]",3,"[38, 39, 40, 41, 42]"
10.87,0.511,0.38,0.807,0.433,3.073094102173563,3.2107076919687687,2.1825801593360667,4.935791124639964,2.7481002404128896,5,23,40,20,20,20,0.5,8.0,14,10,4.0,4,10,1,full,125,195,151,44,44,0,82,69,133,0.6601480207389739,0.47254502696410783,0.0027198321502403533,1.0,29.046512912514853,1.0,6.800000000000001e-08,6.8e-08,2.9920000000000003e-06,5,"[57, 58, 59, 60, 61]",0.0001334838255409404,8.372342795432513e-05,0.0002432870574852089,0.00019508532156737638,9.56361715254871e-05,0.0002544258132012437,0.071875,0.00739226205772485,0.062499999999999944,0.0791015625,1024,5,42,"[57, 58, 59, 60, 61]",3,"[57, 58, 59, 60, 61]"
10.87,0.511,0.38,0.807,0.433,3.073094102173563,3.2107076919687687,2.1825801593360667,4.935791124639964,2.7481002404128896,5,40,80,40,40,40,0.5,16.0,28,10,4.0,4,30,2,full,240,391,300,91,91,0,167,133,133,0.004156385672871871,0.0004576178243353815,0.0035611420576564523,0.004854875406855308,0.3782310962313403,0.31547418859941734,6.800000000000001e-08,6.8e-08,6.1880000000000016e-06,5,"[0, 1, 2, 3, 4]",0.00021405647574145628,0.00015589025123004087,0.0002660304697898787,0.0002143141448021282,0.0001522363560239665,0.0003145961798898144,0.3093863274121911,0.01258655387417461,0.2947867964051344,0.3252493514373809,1024,5,42,"[0, 1, 2, 3, 4]",3,"[0, 1, 2, 3, 4]"
10.87,0.511,0.38,0.807,0.433,3.073094102173563,3.2107076919687687,2.1825801593360667,4.935791124639964,2.7481002404128896,5,40,80,40,40,40,0.5,16.0,28,10,4.0,4,30,2,full,240,391,300,91,91,0,167,133,133,0.22469688696549608,0.3984290707051957,0.006316093954111535,1.0,20.447416713860143,1.0,7.635164835164836e-08,1.08e-07,6.948000000000001e-06,5,"[19, 20, 21, 22, 23]",9.931680910413865e-05,4.242049838087228e-05,0.00017212633523686543,7.641661102187509e-05,1.880833651631802e-05,0.0001519333543155696,0.6969730574115838,0.012690539411941914,0.6844352339051345,0.7139212264373809,1024,5,42,"[19, 20, 21, 22, 23]",3,"[19, 20, 21, 22, 23]"
10.87,0.511,0.38,0.807,0.433,3.073094102173563,3.2107076919687687,2.1825801593360667,4.935791124639964,2.7481002404128896,5,40,80,40,40,40,0.5,16.0,28,10,4.0,4,30,2,full,240,391,300,91,91,0,167,133,133,0.034504166382892276,0.03183438437353137,0.002594532669085714,0.07151359904753574,3.139879140843197,0.9610278876711461,6.800000000000001e-08,6.8e-08,6.1880000000000016e-06,5,"[38, 39, 40, 41, 42]",0.00012857171137070696,4.134690349780361e-05,0.00021538409645284747,0.00010315223016853959,4.993444267362083e-05,0.00017911477600616432,0.6483402449115838,0.0192621866741346,0.6238883589051345,0.6717399214051345,1024,5,42,"[38, 39, 40, 41, 42]",3,"[38, 39, 40, 41, 42]"
10.87,0.511,0.38,0.807,0.433,3.073094102173563,3.2107076919687687,2.1825801593360667,4.935791124639964,2.7481002404128896,5,40,80,40,40,40,0.5,16.0,28,10,4.0,4,30,2,full,240,391,300,91,91,0,167,133,133,0.5179681788606149,0.4981938160504644,0.0027198321502403533,1.0,47.13510427631595,1.0,6.800000000000001e-08,6.8e-08,6.1880000000000016e-06,5,"[57, 58, 59, 60, 61]",0.0001334838255409404,8.372342795432513e-05,0.0002432870574852089,0.00019508532156737638,9.56361715254871e-05,0.0002544258132012437,0.6922477339051345,0.012582127662817506,0.6727164839051345,0.7059196089051345,1024,5,42,"[57, 58, 59, 60, 61]",3,"[57, 58, 59, 60, 61]"
10.87,0.511,0.38,0.807,0.433,3.073094102173563,3.2107076919687687,2.1825801593360667,4.935791124639964,2.7481002404128896,5,57,120,60,60,60,0.5,24.0,42,10,4.0,4,50,3,full,353,598,460,138,138,0,255,205,133,0.004187659203739725,0.00046405055780369324,0.0035611420576564523,0.004854875406855308,0.577896970116082,0.4396117100932443,6.800000000000001e-08,6.8e-08,9.384000000000002e-06,5,"[0, 1, 2, 3, 4]",0.00021405647574145628,0.00015589025123004087,0.0002660304697898787,0.0002143141448021282,0.0001522363560239665,0.0003145961798898144,0.22051484659574289,0.01044154538185037,0.2056277648630095,0.2307463651944742,1024,5,42,"[0, 1, 2, 3, 4]",3,"[0, 1, 2, 3, 4]"
10.87,0.511,0.38,0.807,0.433,3.073094102173563,3.2107076919687687,2.1825801593360667,4.935791124639964,2.7481002404128896,5,57,120,60,60,60,0.5,24.0,42,10,4.0,4,50,3,full,353,598,460,138,138,0,255,205,133,0.2554514906331917,0.4175469736174131,0.006316093954111535,1.0,35.25230570738046,1.0,7.756521739130435e-08,1.08e-07,1.0704000000000001e-05,5,"[19, 20, 21, 22, 23]",9.931680910413865e-05,4.242049838087228e-05,0.00017212633523686543,7.641661102187509e-05,1.880833651631802e-05,0.0001519333543155696,0.3844839528729829,0.016482301727495728,0.35824946455178047,0.4005847246216095,1024,5,42,"[19, 20, 21, 22, 23]",3,"[19, 20, 21, 22, 23]"
10.87,0.511,0.38,0.807,0.433,3.073094102173563,3.2107076919687687,2.1825801593360667,4.935791124639964,2.7481002404128896,5,57,120,60,60,60,0.5,24.0,42,10,4.0,4,50,3,full,353,598,460,138,138,0,255,205,133,0.030843781834658874,0.031416352932553404,0.002594532669085714,0.07151359904753574,4.256441893182925,0.9876795397793516,6.800000000000001e-08,6.8e-08,9.384000000000002e-06,5,"[38, 39, 40, 41, 42]",0.00012857171137070696,4.134690349780361e-05,0.00021538409645284747,0.00010315223016853959,4.993444267362083e-05,0.00017911477600616432,0.358380889659814,0.022055446528904822,0.3316065380504477,0.3921534130504477,1024,5,42,"[38, 39, 40, 41, 42]",3,"[38, 39, 40, 41, 42]"
10.87,0.511,0.38,0.807,0.433,3.073094102173563,3.2107076919687687,2.1825801593360667,4.935791124639964,2.7481002404128896,5,57,120,60,60,60,0.5,24.0,42,10,4.0,4,50,3,full,353,598,460,138,138,0,255,205,133,0.5737839763178038,0.4931934968983881,0.0027198321502403533,1.0,79.18218873185691,1.0,6.800000000000001e-08,6.8e-08,9.384000000000002e-06,5,"[57, 58, 59, 60, 61]",0.0001334838255409404,8.372342795432513e-05,0.0002432870574852089,0.00019508532156737638,9.56361715254871e-05,0.0002544258132012437,0.3906404711260083,0.016059464013753088,0.3646241524537682,0.4071449231202767,1024,5,42,"[57, 58, 59, 60, 61]",3,"[57, 58, 59, 60, 61]"
3.58,0.0,1.0,0.804,0.367,0.8033011938812356,0.0,6.283185307179586,4.914847173616033,2.3292212199342504,5,14,22,14,8,8,0.36363636363636365,4.4,7,4,1.6,2,4,1,linear,43,53,45,8,8,0,17,28,133,0.004217343515768537,0.0004580934098542126,0.0035611420576564523,0.004854875406855308,0.0337387481261483,0.0332457373433197,6.8e-08,6.8e-08,5.44e-07,5,"[0, 1, 2, 3, 4]",0.00021405647574145628,0.00015589025123004087,0.0002660304697898787,0.0002143141448021282,0.0001522363560239665,0.0003145961798898144,0.07597656250000001,0.003679969469026714,0.07226562499999997,0.08007812499999999,1024,5,42,"[0, 1, 2, 3, 4]",4,"[0, 1, 2, 3, 4]"
3.58,0.0,1.0,0.804,0.367,0.8033011938812356,0.0,6.283185307179586,4.914847173616033,2.3292212199342504,5,14,22,14,8,8,0.36363636363636365,4.4,7,4,1.6,2,4,1,linear,43,53,45,8,8,0,17,28,133,0.2636586262958001,0.42526419043236613,0.006316093954111535,1.0,2.109269010366401,1.0,7.8e-08,1.08e-07,6.24e-07,5,"[19, 20, 21, 22, 23]",9.931680910413865e-05,4.242049838087228e-05,0.00017212633523686543,7.641661102187509e-05,1.880833651631802e-05,0.0001519333543155696,0.06953125000000002,0.003194419381600777,0.06640624999999996,0.07324218749999997,1024,5,42,"[19, 20, 21, 22, 23]",4,"[19, 20, 21, 22, 23]"
3.58,0.0,1.0,0.804,0.367,0.8033011938812356,0.0,6.283185307179586,4.914847173616033,2.3292212199342504,5,14,22,14,8,8,0.36363636363636365,4.4,7,4,1.6,2,4,1,linear,43,53,45,8,8,0,17,28,133,0.0358441367992043,0.03234318724849439,0.002594532669085714,0.07151359904753574,0.2867530943936344,0.25660212555283857,6.8e-08,6.8e-08,5.44e-07,5,"[38, 39, 40, 41, 42]",0.00012857171137070696,4.134690349780361e-05,0.00021538409645284747,0.00010315223016853959,4.993444267362083e-05,0.00017911477600616432,0.071875,0.010068544077173409,0.061523437500000076,0.08789062499999997,1024,5,42,"[38, 39, 40, 41, 42]",4,"[38, 39, 40, 41, 42]"
3.58,0.0,1.0,0.804,0.367,0.8033011938812356,0.0,6.283185307179586,4.914847173616033,2.3292212199342504,5,14,22,14,8,8,0.36363636363636365,4.4,7,4,1.6,2,4,1,linear,43,53,45,8,8,0,17,28,133,0.5015028018316514,0.49849723912412264,0.0027198321502403533,1.0,4.012022414653211,1.0,6.8e-08,6.8e-08,5.44e-07,5,"[57, 58, 59, 60, 61]",0.0001334838255409404,8.372342795432513e-05,0.0002432870574852089,0.00019508532156737638,9.56361715254871e-05,0.0002544258132012437,0.0677734375,0.013239536976626777,0.05273437500000003,0.08886718749999994,1024,5,42,"[57, 58, 59, 60, 61]",4,"[57, 58, 59, 60, 61]"
3.58,0.0,1.0,0.804,0.367,0.8033011938812356,0.0,6.283185307179586,4.914847173616033,2.3292212199342504,5,22,44,28,16,16,0.36363636363636365,8.8,14,4,1.6,2,12,2,linear,65,101,85,16,16,0,32,53,133,0.004217343515768537,0.0004580934098542126,0.0035611420576564523,0.004854875406855308,0.0674774962522966,0.06538619563513848,6.8e-08,6.8e-08,1.088e-06,5,"[0, 1, 2, 3, 4]",0.00021405647574145628,0.00015589025123004087,0.0002660304697898787,0.0002143141448021282,0.0001522363560239665,0.0003145961798898144,0.10298961509179858,0.00442638726934991,0.09959731795619918,0.11042066417701918,1024,5,42,"[0, 1, 2, 3, 4]",4,"[0, 1, 2, 3, 4]"
3.58,0.0,1.0,0.804,0.367,0.8033011938812356,0.0,6.283185307179586,4.914847173616033,2.3292212199342504,5,22,44,28,16,16,0.36363636363636365,8.8,14,4,1.6,2,12,2,linear,65,101,85,16,16,0,32,53,133,0.2636586262958001,0.4252641904323661,0.006316093954111535,1.0,4.218538020732802,1.0,7.8e-08,1.08e-07,1.248e-06,5,"[19, 20, 21, 22, 23]",9.931680910413865e-05,4.242049838087228e-05,0.00017212633523686543,7.641661102187509e-05,1.880833651631802e-05,0.0001519333543155696,0.28130491182517015,0.003722606997208799,0.2770753800570075,0.28625545023479304,1024,5,42,"[19, 20, 21, 22, 23]",4,"[19, 20, 21, 22, 23]"
3.58,0.0,1.0,0.804,0.367,0.8033011938812356,0.0,6.283185307179586,4.914847173616033,2.3292212199342504,5,22,44,28,16,16,0.36363636363636365,8.8,14,4,1.6,2,12,2,linear,65,101,85,16,16,0,32,53,133,0.0358441367992043,0.03234318724849439,0.002594532669085714,0.07151359904753574,0.5735061887872688,0.4473596002674425,6.8e-08,6.8e-08,1.088e-06,5,"[38, 39, 40, 41, 42]",0.00012857171137070696,4.134690349780361e-05,0.00021538409645284747,0.00010315223016853959,4.993444267362083e-05,0.00017911477600616432,0.21201427698833358,0.012186138676464106,0.19659529935787845,0.2300570436632653,1024,5,42,"[38, 39, 40, 41, 42]",4,"[38, 39, 40, 41, 42]"
3.58,0.0,1.0,0.804,0.367,0.8033011938812356,0.0,6.283185307179586,4.914847173616033,2.3292212199342504,5,22,44,28,16,16,0.36363636363636365,8.8,14,4,1.6,2,12,2,linear,65,101,85,16,16,0,32,53,133,0.5015028018316513,0.49849723912412264,0.0027198321502403533,1.0,8.02404482930642,1.0,6.8e-08,6.8e-08,1.088e-06,5,"[57, 58, 59, 60, 61]",0.0001334838255409404,8.372342795432513e-05,0.0002432870574852089,0.00019508532156737638,9.56361715254871e-05,0.0002544258132012437,0.34250612048557016,0.006785071654987692,0.3343347017674825,0.35234991741233745,1024,5,42,"[57, 58, 59, 60, 61]",4,"[57, 58, 59, 60, 61]"
3.58,0.0,1.0,0.804,0.367,0.8033011938812356,0.0,6.283185307179586,4.914847173616033,2.3292212199342504,5,30,66,42,24,24,0.36363636363636365,13.2,21,4,1.6,2,20,3,linear,87,149,125,24,24,0,47,78,133,0.004217343515768537,0.0004580934098542126,0.0035611420576564523,0.004854875406855308,0.1012162443784449,0.09645812069249382,6.8e-08,6.8e-08,1.632e-06,5,"[0, 1, 2, 3, 4]",0.00021405647574145628,0.00015589025123004087,0.0002660304697898787,0.0002143141448021282,0.0001522363560239665,0.0003145961798898144,0.18808638705577505,0.017487265784265328,0.16411733162479336,0.2116924082453281,1024,5,42,"[0, 1, 2, 3, 4]",4,"[0, 1, 2, 3, 4]"
3.58,0.0,1.0,0.804,0.367,0.8033011938812356,0.0,6.283185307179586,4.914847173616033,2.3292212199342504,5,30,66,42,24,24,0.36363636363636365,13.2,21,4,1.6,2,20,3,linear,87,149,125,24,24,0,47,78,133,0.2636586262958001,0.4252641904323661,0.006316093954111535,1.0,6.327807031099203,1.0,7.8e-08,1.08e-07,1.872e-06,5,"[19, 20, 21, 22, 23]",9.931680910413865e-05,4.242049838087228e-05,0.00017212633523686543,7.641661102187509e-05,1.880833651631802e-05,0.0001519333543155696,0.4046054969593925,0.01959357544558588,0.3892098821763279,0.4370614446763279,1024,5,42,"[19, 20, 21, 22, 23]",4,"[19, 20, 21, 22, 23]"
3.58,0.0,1.0,0.804,0.367,0.8033011938812356,0.0,6.283185307179586,4.914847173616033,2.3292212199342504,5,30,66,42,24,24,0.36363636363636365,13.2,21,4,1.6,2,20,3,linear,87,149,125,24,24,0,47,78,133,0.0358441367992043,0.03234318724849439,0.002594532669085714,0.07151359904753574,0.8602592831809032,0.5891683015051867,6.8e-08,6.8e-08,1.632e-06,5,"[38, 39, 40, 41, 42]",0.00012857171137070696,4.134690349780361e-05,0.00021538409645284747,0.00010315223016853959,4.993444267362083e-05,0.00017911477600616432,0.4362547159049033,0.006381370801837712,0.43020002840490323,0.44484846590490323,1024,5,42,"[38, 39, 40, 41, 42]",4,"[38, 39, 40, 41, 42]"
3.58,0.0,1.0,0.804,0.367,0.8033011938812356,0.0,6.283185307179586,4.914847173616033,2.3292212199342504,5,30,66,42,24,24,0.36363636363636365,13.2,21,4,1.6,2,20,3,linear,87,149,125,24,24,0,47,78,133,0.5015028018316513,0.49849723912412264,0.0027198321502403533,1.0,12.036067243959632,1.0,6.8e-08,6.8e-08,1.632e-06,5,"[57, 58, 59, 60, 61]",0.0001334838255409404,8.372342795432513e-05,0.0002432870574852089,0.00019508532156737638,9.56361715254871e-05,0.0002544258132012437,0.4057111520825444,0.01926089777996464,0.3881409808753359,0.4326201090091558,1024,5,42,"[57, 58, 59, 60, 61]",4,"[57, 58, 59, 60, 61]"
3.58,0.0,1.0,0.804,0.367,0.8033011938812356,0.0,6.283185307179586,4.914847173616033,2.3292212199342504,5,23,40,20,20,20,0.5,8.0,14,10,4.0,4,10,1,full,123,189,145,44,44,0,79,66,133,0.004222722145634491,0.0004470783053332354,0.0035611420576564523,0.004854875406855308,0.18579977440791762,0.16989045697982663,6.800000000000001e-08,6.8e-08,2.9920000000000003e-06,5,"[0, 1, 2, 3, 4]",0.00021405647574145628,0.00015589025123004087,0.0002660304697898787,0.0002143141448021282,0.0001522363560239665,0.0003145961798898144,0.073828125,0.00994944189605468,0.0634765625,0.08496093749999997,1024,5,42,"[0, 1, 2, 3, 4]",4,"[0, 1, 2, 3, 4]"
3.58,0.0,1.0,0.804,0.367,0.8033011938812356,0.0,6.283185307179586,4.914847173616033,2.3292212199342504,5,23,40,20,20,20,0.5,8.0,14,10,4.0,4,10,1,full,123,189,145,44,44,0,79,66,133,0.2681439247659132,0.4226760197083504,0.006316093954111535,1.0,11.79833268970018,1.0,7.800000000000001e-08,1.08e-07,3.4320000000000003e-06,5,"[19, 20, 21, 22, 23]",9.931680910413865e-05,4.242049838087228e-05,0.00017212633523686543,7.641661102187509e-05,1.880833651631802e-05,0.0001519333543155696,0.06718750000000002,0.007915579737952897,0.05859375000000007,0.08007812500000003,1024,5,42,"[19, 20, 21, 22, 23]",4,"[19, 20, 21, 22, 23]"
3.58,0.0,1.0,0.804,0.367,0.8033011938812356,0.0,6.283185307179586,4.914847173616033,2.3292212199342504,5,23,40,20,20,20,0.5,8.0,14,10,4.0,4,10,1,full,123,189,145,44,44,0,79,66,133,0.025355203551295145,0.02998247000524155,0.002594532669085714,0.07151359904753574,1.1156289562569863,0.6837244973701624,6.800000000000001e-08,6.8e-08,2.9920000000000003e-06,5,"[38, 39, 40, 41, 42]",0.00012857171137070696,4.134690349780361e-05,0.00021538409645284747,0.00010315223016853959,4.993444267362083e-05,0.00017911477600616432,0.06132812500000003,0.005093126879064575,0.054687499999999944,0.0664062500000001,1024,5,42,"[38, 39, 40, 41, 42]",4,"[38, 39, 40, 41, 42]"
3.58,0.0,1.0,0.804,0.367,0.8033011938812356,0.0,6.283185307179586,4.914847173616033,2.3292212199342504,5,23,40,20,20,20,0.5,8.0,14,10,4.0,4,10,1,full,123,189,145,44,44,0,79,66,133,0.6601480207389739,0.47254502696410783,0.0027198321502403533,1.0,29.046512912514853,1.0,6.800000000000001e-08,6.8e-08,2.9920000000000003e-06,5,"[57, 58, 59, 60, 61]",0.0001334838255409404,8.372342795432513e-05,0.0002432870574852089,0.00019508532156737638,9.56361715254871e-05,0.0002544258132012437,0.06582031250000005,0.009682261373394873,0.05566406250000008,0.07617187500000011,1024,5,42,"[57, 58, 59, 60, 61]",4,"[57, 58, 59, 60, 61]"
3.58,0.0,1.0,0.804,0.367,0.8033011938812356,0.0,6.283185307179586,4.914847173616033,2.3292212199342504,5,40,80,40,40,40,0.5,16.0,28,10,4.0,4,30,2,full,233,379,288,91,91,0,161,127,133,0.004156385672871871,0.0004576178243353815,0.0035611420576564523,0.004854875406855308,0.3782310962313403,0.31547418859941734,6.800000000000001e-08,6.8e-08,6.1880000000000016e-06,5,"[0, 1, 2, 3, 4]",0.00021405647574145628,0.00015589025123004087,0.0002660304697898787,0.0002143141448021282,0.0001522363560239665,0.0003145961798898144,0.23555530083361437,0.0175548274698972,0.22218131671984623,0.26619510549930603,1024,5,42,"[0, 1, 2, 3, 4]",4,"[0, 1, 2, 3, 4]"
3.58,0.0,1.0,0.804,0.367,0.8033011938812356,0.0,6.283185307179586,4.914847173616033,2.3292212199342504,5,40,80,40,40,40,0.5,16.0,28,10,4.0,4,30,2,full,233,379,288,91,91,0,161,127,133,0.22469688696549608,0.3984290707051957,0.006316093954111535,1.0,20.447416713860143,1.0,7.635164835164836e-08,1.08e-07,6.948000000000001e-06,5,"[19, 20, 21, 22, 23]",9.931680910413865e-05,4.242049838087228e-05,0.00017212633523686543,7.641661102187509e-05,1.880833651631802e-05,0.0001519333543155696,0.3798213868547758,0.009659015638843403,0.3638346046090565,0.3895169731200171,1024,5,42,"[19, 20, 21, 22, 23]",4,"[19, 20, 21, 22, 23]"
3.58,0.0,1.0,0.804,0.367,0.8033011938812356,0.0,6.283185307179586,4.914847173616033,2.3292212199342504,5,40,80,40,40,40,0.5,16.0,28,10,4.0,4,30,2,full,233,379,288,91,91,0,161,127,133,0.034504166382892276,0.03183438437353137,0.002594532669085714,0.07151359904753574,3.139879140843197,0.9610278876711461,6.800000000000001e-08,6.8e-08,6.1880000000000016e-06,5,"[38, 39, 40, 41, 42]",0.00012857171137070696,4.134690349780361e-05,0.00021538409645284747,0.00010315223016853959,4.993444267362083e-05,0.00017911477600616432,0.38076134121930005,0.00888937299605651,0.36908436167309966,0.39119510549930614,1024,5,42,"[38, 39, 40, 41, 42]",4,"[38, 39, 40, 41, 42]"
3.58,0.0,1.0,0.804,0.367,0.8033011938812356,0.0,6.283185307179586,4.914847173616033,2.3292212199342504,5,40,80,40,40,40,0.5,16.0,28,10,4.0,4,30,2,full,233,379,288,91,91,0,161,127,133,0.5179681788606149,0.4981938160504644,0.0027198321502403533,1.0,47.13510427631595,1.0,6.800000000000001e-08,6.8e-08,6.1880000000000016e-06,5,"[57, 58, 59, 60, 61]",0.0001334838255409404,8.372342795432513e-05,0.0002432870574852089,0.00019508532156737638,9.56361715254871e-05,0.0002544258132012437,0.38294973703282575,0.014145657555151916,0.3589685429993061,0.3934232231200171,1024,5,42,"[57, 58, 59, 60, 61]",4,"[57, 58, 59, 60, 61]"
3.58,0.0,1.0,0.804,0.367,0.8033011938812356,0.0,6.283185307179586,4.914847173616033,2.3292212199342504,5,57,120,60,60,60,0.5,24.0,42,10,4.0,4,50,3,full,344,584,446,138,138,0,247,199,133,0.004187659203739725,0.00046405055780369324,0.0035611420576564523,0.004854875406855308,0.577896970116082,0.4396117100932443,6.800000000000001e-08,6.8e-08,9.384000000000002e-06,5,"[0, 1, 2, 3, 4]",0.00021405647574145628,0.00015589025123004087,0.0002660304697898787,0.0002143141448021282,0.0001522363560239665,0.0003145961798898144,0.29313288074673066,0.01395307259985484,0.27831712584330315,0.31040786813308796,1024,5,42,"[0, 1, 2, 3, 4]",4,"[0, 1, 2, 3, 4]"
3.58,0.0,1.0,0.804,0.367,0.8033011938812356,0.0,6.283185307179586,4.914847173616033,2.3292212199342504,5,57,120,60,60,60,0.5,24.0,42,10,4.0,4,50,3,full,344,584,446,138,138,0,247,199,133,0.2554514906331917,0.4175469736174131,0.006316093954111535,1.0,35.25230570738046,1.0,7.756521739130435e-08,1.08e-07,1.0704000000000001e-05,5,"[19, 20, 21, 22, 23]",9.931680910413865e-05,4.242049838087228e-05,0.00017212633523686543,7.641661102187509e-05,1.880833651631802e-05,0.0001519333543155696,0.4391908635885346,0.011260709134487745,0.4258883200369924,0.45689224313308796,1024,5,42,"[19, 20, 21, 22, 23]",4,"[19, 20, 21, 22, 23]"
3.58,0.0,1.0,0.804,0.367,0.8033011938812356,0.0,6.283185307179586,4.914847173616033,2.3292212199342504,5,57,120,60,60,60,0.5,24.0,42,10,4.0,4,50,3,full,344,584,446,138,138,0,247,199,133,0.030843781834658874,0.031416352932553404,0.002594532669085714,0.07151359904753574,4.256441893182925,0.9876795397793516,6.800000000000001e-08,6.8e-08,9.384000000000002e-06,5,"[38, 39, 40, 41, 42]",0.00012857171137070696,4.134690349780361e-05,0.00021538409645284747,0.00010315223016853959,4.993444267362083e-05,0.00017911477600616432,0.4482787820534016,0.013250384582026552,0.4311471790034833,0.46153482937681223,1024,5,42,"[38, 39, 40, 41, 42]",4,"[38, 39, 40, 41, 42]"
3.58,0.0,1.0,0.804,0.367,0.8033011938812356,0.0,6.283185307179586,4.914847173616033,2.3292212199342504,5,57,120,60,60,60,0.5,24.0,42,10,4.0,4,50,3,full,344,584,446,138,138,0,247,199,133,0.5737839763178038,0.4931934968983881,0.0027198321502403533,1.0,79.18218873185691,1.0,6.800000000000001e-08,6.8e-08,9.384000000000002e-06,5,"[57, 58, 59, 60, 61]",0.0001334838255409404,8.372342795432513e-05,0.0002432870574852089,0.00019508532156737638,9.56361715254871e-05,0.0002544258132012437,0.45099955512307927,0.011025710187110798,0.43503182166659704,0.46470474313308796,1024,5,42,"[57, 58, 59, 60, 61]",4,"[57, 58, 59, 60, 61]"
10.78,0.676,0.177,0.363,0.648,3.045071967503288,4.247433267653401,0.8399626673808498,1.8360863730980346,4.112630382881184,5,14,22,14,8,8,0.36363636363636365,4.4,7,4,1.6,2,4,1,linear,45,63,55,8,8,0,21,34,133,0.004217343515768537,0.0004580934098542126,0.0035611420576564523,0.004854875406855308,0.0337387481261483,0.0332457373433197,6.8e-08,6.8e-08,5.44e-07,5,"[0, 1, 2, 3, 4]",0.00021405647574145628,0.00015589025123004087,0.0002660304697898787,0.0002143141448021282,0.0001522363560239665,0.0003145961798898144,0.06992187500000005,0.007327473235275045,0.06347656250000001,0.08007812500000003,1024,5,42,"[0, 1, 2, 3, 4]",5,"[0, 1, 2, 3, 4]"
10.78,0.676,0.177,0.363,0.648,3.045071967503288,4.247433267653401,0.8399626673808498,1.8360863730980346,4.112630382881184,5,14,22,14,8,8,0.36363636363636365,4.4,7,4,1.6,2,4,1,linear,45,63,55,8,8,0,21,34,133,0.2636586262958001,0.42526419043236613,0.006316093954111535,1.0,2.109269010366401,1.0,7.8e-08,1.08e-07,6.24e-07,5,"[19, 20, 21, 22, 23]",9.931680910413865e-05,4.242049838087228e-05,0.00017212633523686543,7.641661102187509e-05,1.880833651631802e-05,0.0001519333543155696,0.07167968749999999,0.012911323344561234,0.05761718750000002,0.08691406249999996,1024,5,42,"[19, 20, 21, 22, 23]",5,"[19, 20, 21, 22, 23]"
10.78,0.676,0.177,0.363,0.648,3.045071967503288,4.247433267653401,0.8399626673808498,1.8360863730980346,4.112630382881184,5,14,22,14,8,8,0.36363636363636365,4.4,7,4,1.6,2,4,1,linear,45,63,55,8,8,0,21,34,133,0.0358441367992043,0.03234318724849439,0.002594532669085714,0.07151359904753574,0.2867530943936344,0.25660212555283857,6.8e-08,6.8e-08,5.44e-07,5,"[38, 39, 40, 41, 42]",0.00012857171137070696,4.134690349780361e-05,0.00021538409645284747,0.00010315223016853959,4.993444267362083e-05,0.00017911477600616432,0.06914062500000004,0.0071895165309789,0.06152343750000007,0.07714843750000006,1024,5,42,"[38, 39, 40, 41, 42]",5,"[38, 39, 40, 41, 42]"
10.78,0.676,0.177,0.363,0.648,3.045071967503288,4.247433267653401,0.8399626673808498,1.8360863730980346,4.112630382881184,5,14,22,14,8,8,0.36363636363636365,4.4,7,4,1.6,2,4,1,linear,45,63,55,8,8,0,21,34,133,0.5015028018316514,0.49849723912412264,0.0027198321502403533,1.0,4.012022414653211,1.0,6.8e-08,6.8e-08,5.44e-07,5,"[57, 58, 59, 60, 61]",0.0001334838255409404,8.372342795432513e-05,0.0002432870574852089,0.00019508532156737638,9.56361715254871e-05,0.0002544258132012437,0.06523437500000004,0.01143871130027057,0.047851562500000035,0.07910156250000006,1024,5,42,"[57, 58, 59, 60, 61]",5,"[57, 58, 59, 60, 61]"
10.78,0.676,0.177,0.363,0.648,3.045071967503288,4.247433267653401,0.8399626673808498,1.8360863730980346,4.112630382881184,5,22,44,28,16,16,0.36363636363636365,8.8,14,4,1.6,2,12,2,linear,67,121,105,16,16,0,40,65,133,0.004217343515768537,0.0004580934098542126,0.0035611420576564523,0.004854875406855308,0.0674774962522966,0.06538619563513848,6.8e-08,6.8e-08,1.088e-06,5,"[0, 1, 2, 3, 4]",0.00021405647574145628,0.00015589025123004087,0.0002660304697898787,0.0002143141448021282,0.0001522363560239665,0.0003145961798898144,0.18639491333616642,0.00776133747474274,0.1741103441649218,0.19497487617834508,1024,5,42,"[0, 1, 2, 3, 4]",5,"[0, 1, 2, 3, 4]"
10.78,0.676,0.177,0.363,0.648,3.045071967503288,4.247433267653401,0.8399626673808498,1.8360863730980346,4.112630382881184,5,22,44,28,16,16,0.36363636363636365,8.8,14,4,1.6,2,12,2,linear,67,121,105,16,16,0,40,65,133,0.2636586262958001,0.4252641904323661,0.006316093954111535,1.0,4.218538020732802,1.0,7.8e-08,1.08e-07,1.248e-06,5,"[19, 20, 21, 22, 23]",9.931680910413865e-05,4.242049838087228e-05,0.00017212633523686543,7.641661102187509e-05,1.880833651631802e-05,0.0001519333543155696,0.5002221038167892,0.014999652881050641,0.4836465868337334,0.5142415210712743,1024,5,42,"[19, 20, 21, 22, 23]",5,"[19, 20, 21, 22, 23]"
10.78,0.676,0.177,0.363,0.648,3.045071967503288,4.247433267653401,0.8399626673808498,1.8360863730980346,4.112630382881184,5,22,44,28,16,16,0.36363636363636365,8.8,14,4,1.6,2,12,2,linear,67,121,105,16,16,0,40,65,133,0.0358441367992043,0.03234318724849439,0.002594532669085714,0.07151359904753574,0.5735061887872688,0.4473596002674425,6.8e-08,6.8e-08,1.088e-06,5,"[38, 39, 40, 41, 42]",0.00012857171137070696,4.134690349780361e-05,0.00021538409645284747,0.00010315223016853959,4.993444267362083e-05,0.00017911477600616432,0.26692949846500447,0.00804259491071924,0.2586194038394616,0.2758480882081395,1024,5,42,"[38, 39, 40, 41, 42]",5,"[38, 39, 40, 41, 42]"
10.78,0.676,0.177,0.363,0.648,3.045071967503288,4.247433267653401,0.8399626673808498,1.8360863730980346,4.112630382881184,5,22,44,28,16,16,0.36363636363636365,8.8,14,4,1.6,2,12,2,linear,67,121,105,16,16,0,40,65,133,0.5015028018316513,0.49849723912412264,0.0027198321502403533,1.0,8.02404482930642,1.0,6.8e-08,6.8e-08,1.088e-06,5,"[57, 58, 59, 60, 61]",0.0001334838255409404,8.372342795432513e-05,0.0002432870574852089,0.00019508532156737638,9.56361715254871e-05,0.0002544258132012437,0.48324585192522884,0.012806836129107171,0.4644368335712743,0.49513415582786513,1024,5,42,"[57, 58, 59, 60, 61]",5,"[57, 58, 59, 60, 61]"
10.78,0.676,0.177,0.363,0.648,3.045071967503288,4.247433267653401,0.8399626673808498,1.8360863730980346,4.112630382881184,5,30,66,42,24,24,0.36363636363636365,13.2,21,4,1.6,2,20,3,linear,89,179,155,24,24,0,59,96,133,0.004217343515768537,0.0004580934098542126,0.0035611420576564523,0.004854875406855308,0.1012162443784449,0.09645812069249382,6.8e-08,6.8e-08,1.632e-06,5,"[0, 1, 2, 3, 4]",0.00021405647574145628,0.00015589025123004087,0.0002660304697898787,0.0002143141448021282,0.0001522363560239665,0.0003145961798898144,0.10693568641580284,0.006989987451179262,0.10039299826683692,0.11756165842278535,1024,5,42,"[0, 1, 2, 3, 4]",5,"[0, 1, 2, 3, 4]"
10.78,0.676,0.177,0.363,0.648,3.045071967503288,4.247433267653401,0.8399626673808498,1.8360863730980346,4.112630382881184,5,30,66,42,24,24,0.36363636363636365,13.2,21,4,1.6,2,20,3,linear,89,179,155,24,24,0,59,96,133,0.2636586262958001,0.4252641904323661,0.006316093954111535,1.0,6.327807031099203,1.0,7.8e-08,1.08e-07,1.872e-06,5,"[19, 20, 21, 22, 23]",9.931680910413865e-05,4.242049838087228e-05,0.00017212633523686543,7.641661102187509e-05,1.880833651631802e-05,0.0001519333543155696,0.5557425488555332,0.014470241729329978,0.5353042408396418,0.5753433033396418,1024,5,42,"[19, 20, 21, 22, 23]",5,"[19, 20, 21, 22, 23]"
10.78,0.676,0.177,0.363,0.648,3.045071967503288,4.247433267653401,0.8399626673808498,1.8360863730980346,4.112630382881184,5,30,66,42,24,24,0.36363636363636365,13.2,21,4,1.6,2,20,3,linear,89,179,155,24,24,0,59,96,133,0.0358441367992043,0.03234318724849439,0.002594532669085714,0.07151359904753574,0.8602592831809032,0.5891683015051867,6.8e-08,6.8e-08,1.632e-06,5,"[38, 39, 40, 41, 42]",0.00012857171137070696,4.134690349780361e-05,0.00021538409645284747,0.00010315223016853959,4.993444267362083e-05,0.00017911477600616432,0.2327310365667034,0.008215219698982472,0.2208511158396418,0.2413589283396418,1024,5,42,"[38, 39, 40, 41, 42]",5,"[38, 39, 40, 41, 42]"
10.78,0.676,0.177,0.363,0.648,3.045071967503288,4.247433267653401,0.8399626673808498,1.8360863730980346,4.112630382881184,5,30,66,42,24,24,0.36363636363636365,13.2,21,4,1.6,2,20,3,linear,89,179,155,24,24,0,59,96,133,0.5015028018316513,0.49849723912412264,0.0027198321502403533,1.0,12.036067243959632,1.0,6.8e-08,6.8e-08,1.632e-06,5,"[57, 58, 59, 60, 61]",0.0001334838255409404,8.372342795432513e-05,0.0002432870574852089,0.00019508532156737638,9.56361715254871e-05,0.0002544258132012437,0.5771011158396417,0.02405398527819604,0.5509292408396418,0.6026870533396418,1024,5,42,"[57, 58, 59, 60, 61]",5,"[57, 58, 59, 60, 61]"
10.78,0.676,0.177,0.363,0.648,3.045071967503288,4.247433267653401,0.8399626673808498,1.8360863730980346,4.112630382881184,5,23,40,20,20,20,0.5,8.0,14,10,4.0,4,10,1,full,125,195,151,44,44,0,82,69,133,0.004222722145634491,0.0004470783053332354,0.0035611420576564523,0.004854875406855308,0.18579977440791762,0.16989045697982663,6.800000000000001e-08,6.8e-08,2.9920000000000003e-06,5,"[0, 1, 2, 3, 4]",0.00021405647574145628,0.00015589025123004087,0.0002660304697898787,0.0002143141448021282,0.0001522363560239665,0.0003145961798898144,0.06562499999999999,0.01004008840818349,0.052734374999999965,0.078125,1024,5,42,"[0, 1, 2, 3, 4]",5,"[0, 1, 2, 3, 4]"
10.78,0.676,0.177,0.363,0.648,3.045071967503288,4.247433267653401,0.8399626673808498,1.8360863730980346,4.112630382881184,5,23,40,20,20,20,0.5,8.0,14,10,4.0,4,10,1,full,125,195,151,44,44,0,82,69,133,0.2681439247659132,0.4226760197083504,0.006316093954111535,1.0,11.79833268970018,1.0,7.800000000000001e-08,1.08e-07,3.4320000000000003e-06,5,"[19, 20, 21, 22, 23]",9.931680910413865e-05,4.242049838087228e-05,0.00017212633523686543,7.641661102187509e-05,1.880833651631802e-05,0.0001519333543155696,0.07382812500000004,0.005964231048672827,0.06738281250000003,0.08007812500000004,1024,5,42,"[19, 20, 21, 22, 23]",5,"[19, 20, 21, 22, 23]"
10.78,0.676,0.177,0.363,0.648,3.045071967503288,4.247433267653401,0.8399626673808498,1.8360863730980346,4.112630382881184,5,23,40,20,20,20,0.5,8.0,14,10,4.0,4,10,1,full,125,195,151,44,44,0,82,69,133,0.025355203551295145,0.02998247000524155,0.002594532669085714,0.07151359904753574,1.1156289562569863,0.6837244973701624,6.800000000000001e-08,6.8e-08,2.9920000000000003e-06,5,"[38, 39, 40, 41, 42]",0.00012857171137070696,4.134690349780361e-05,0.00021538409645284747,0.00010315223016853959,4.993444267362083e-05,0.00017911477600616432,0.06562500000000002,0.007418019146419113,0.05761718750000002,0.07421875000000001,1024,5,42,"[38, 39, 40, 41, 42]",5,"[38, 39, 40, 41, 42]"
10.78,0.676,0.177,0.363,0.648,3.045071967503288,4.247433267653401,0.8399626673808498,1.8360863730980346,4.112630382881184,5,23,40,20,20,20,0.5,8.0,14,10,4.0,4,10,1,full,125,195,151,44,44,0,82,69,133,0.6601480207389739,0.47254502696410783,0.0027198321502403533,1.0,29.046512912514853,1.0,6.800000000000001e-08,6.8e-08,2.9920000000000003e-06,5,"[57, 58, 59, 60, 61]",0.0001334838255409404,8.372342795432513e-05,0.0002432870574852089,0.00019508532156737638,9.56361715254871e-05,0.0002544258132012437,0.07070312500000005,0.009228386449162126,0.05664062499999998,0.08203125000000014,1024,5,42,"[57, 58, 59, 60, 61]",5,"[57, 58, 59, 60, 61]"
10.78,0.676,0.177,0.363,0.648,3.045071967503288,4.247433267653401,0.8399626673808498,1.8360863730980346,4.112630382881184,5,40,80,40,40,40,0.5,16.0,28,10,4.0,4,30,2,full,240,391,300,91,91,0,167,133,133,0.004156385672871871,0.0004576178243353815,0.0035611420576564523,0.004854875406855308,0.3782310962313403,0.31547418859941734,6.800000000000001e-08,6.8e-08,6.1880000000000016e-06,5,"[0, 1, 2, 3, 4]",0.00021405647574145628,0.00015589025123004087,0.0002660304697898787,0.0002143141448021282,0.0001522363560239665,0.0003145961798898144,0.32562692231082513,0.008159902252835706,0.3163649151734966,0.33473607841622643,1024,5,42,"[0, 1, 2, 3, 4]",5,"[0, 1, 2, 3, 4]"
10.78,0.676,0.177,0.363,0.648,3.045071967503288,4.247433267653401,0.8399626673808498,1.8360863730980346,4.112630382881184,5,40,80,40,40,40,0.5,16.0,28,10,4.0,4,30,2,full,240,391,300,91,91,0,167,133,133,0.22469688696549608,0.3984290707051957,0.006316093954111535,1.0,20.447416713860143,1.0,7.635164835164836e-08,1.08e-07,6.948000000000001e-06,5,"[19, 20, 21, 22, 23]",9.931680910413865e-05,4.242049838087228e-05,0.00017212633523686543,7.641661102187509e-05,1.880833651631802e-05,0.0001519333543155696,0.5897402722908417,0.011398822003537147,0.571277873571916,0.600574748571916,1024,5,42,"[19, 20, 21, 22, 23]",5,"[19, 20, 21, 22, 23]"
10.78,0.676,0.177,0.363,0.648,3.045071967503288,4.247433267653401,0.8399626673808498,1.8360863730980346,4.112630382881184,5,40,80,40,40,40,0.5,16.0,28,10,4.0,4,30,2,full,240,391,300,91,91,0,167,133,133,0.034504166382892276,0.03183438437353137,0.002594532669085714,0.07151359904753574,3.139879140843197,0.9610278876711461,6.800000000000001e-08,6.8e-08,6.1880000000000016e-06,5,"[38, 39, 40, 41, 42]",0.00012857171137070696,4.134690349780361e-05,0.00021538409645284747,0.00010315223016853959,4.993444267362083e-05,0.00017911477600616432,0.5535293651061794,0.013354910202017109,0.5367713249498737,0.573813291178874,1024,5,42,"[38, 39, 40, 41, 42]",5,"[38, 39, 40, 41, 42]"
10.78,0.676,0.177,0.363,0.648,3.045071967503288,4.247433267653401,0.8399626673808498,1.8360863730980346,4.112630382881184,5,40,80,40,40,40,0.5,16.0,28,10,4.0,4,30,2,full,240,391,300,91,91,0,167,133,133,0.5179681788606149,0.4981938160504644,0.0027198321502403533,1.0,47.13510427631595,1.0,6.800000000000001e-08,6.8e-08,6.1880000000000016e-06,5,"[57, 58, 59, 60, 61]",0.0001334838255409404,8.372342795432513e-05,0.0002432870574852089,0.00019508532156737638,9.56361715254871e-05,0.0002544258132012437,0.5853962597045903,0.012114016148037995,0.5662490216861936,0.597250791178874,1024,5,42,"[57, 58, 59, 60, 61]",5,"[57, 58, 59, 60, 61]"
10.78,0.676,0.177,0.363,0.648,3.045071967503288,4.247433267653401,0.8399626673808498,1.8360863730980346,4.112630382881184,5,57,120,60,60,60,0.5,24.0,42,10,4.0,4,50,3,full,353,598,460,138,138,0,255,205,133,0.004187659203739725,0.00046405055780369324,0.0035611420576564523,0.004854875406855308,0.577896970116082,0.4396117100932443,6.800000000000001e-08,6.8e-08,9.384000000000002e-06,5,"[0, 1, 2, 3, 4]",0.00021405647574145628,0.00015589025123004087,0.0002660304697898787,0.0002143141448021282,0.0001522363560239665,0.0003145961798898144,0.18931381096000507,0.018474666180520516,0.17390530752133057,0.22065133869941772,1024,5,42,"[0, 1, 2, 3, 4]",5,"[0, 1, 2, 3, 4]"
10.78,0.676,0.177,0.363,0.648,3.045071967503288,4.247433267653401,0.8399626673808498,1.8360863730980346,4.112630382881184,5,57,120,60,60,60,0.5,24.0,42,10,4.0,4,50,3,full,353,598,460,138,138,0,255,205,133,0.2554514906331917,0.4175469736174131,0.006316093954111535,1.0,35.25230570738046,1.0,7.756521739130435e-08,1.08e-07,1.0704000000000001e-05,5,"[19, 20, 21, 22, 23]",9.931680910413865e-05,4.242049838087228e-05,0.00017212633523686543,7.641661102187509e-05,1.880833651631802e-05,0.0001519333543155696,0.28366015269712636,0.013358869372070975,0.268003200990262,0.3013434687662295,1024,5,42,"[19, 20, 21, 22, 23]",5,"[19, 20, 21, 22, 23]"
10.78,0.676,0.177,0.363,0.648,3.045071967503288,4.247433267653401,0.8399626673808498,1.8360863730980346,4.112630382881184,5,57,120,60,60,60,0.5,24.0,42,10,4.0,4,50,3,full,353,598,460,138,138,0,255,205,133,0.030843781834658874,0.031416352932553404,0.002594532669085714,0.07151359904753574,4.256441893182925,0.9876795397793516,6.800000000000001e-08,6.8e-08,9.384000000000002e-06,5,"[38, 39, 40, 41, 42]",0.00012857171137070696,4.134690349780361e-05,0.00021538409645284747,0.00010315223016853959,4.993444267362083e-05,0.00017911477600616432,0.2843566748691176,0.019167515244211886,0.26044768248795636,0.31005719726198494,1024,5,42,"[38, 39, 40, 41, 42]",5,"[38, 39, 40, 41, 42]"
10.78,0.676,0.177,0.363,0.648,3.045071967503288,4.247433267653401,0.8399626673808498,1.8360863730980346,4.112630382881184,5,57,120,60,60,60,0.5,24.0,42,10,4.0,4,50,3,full,353,598,460,138,138,0,255,205,133,0.5737839763178038,0.4931934968983881,0.0027198321502403533,1.0,79.18218873185691,1.0,6.800000000000001e-08,6.8e-08,9.384000000000002e-06,5,"[57, 58, 59, 60, 61]",0.0001334838255409404,8.372342795432513e-05,0.0002432870574852089,0.00019508532156737638,9.56361715254871e-05,0.0002544258132012437,0.27866631998639657,0.01613336218919036,0.2541411688850311,0.29786634598707346,1024,5,42,"[57, 58, 59, 60, 61]",5,"[57, 58, 59, 60, 61]"
7.75,0.0,1.0,0.915,0.173,2.1016601002706743,0.0,6.283185307179586,5.689773361501515,1.097970765800069,5,14,22,14,8,8,0.36363636363636365,4.4,7,4,1.6,2,4,1,linear,43,53,45,8,8,0,17,28,133,0.004217343515768537,0.0004580934098542126,0.0035611420576564523,0.004854875406855308,0.0337387481261483,0.0332457373433197,6.8e-08,6.8e-08,5.44e-07,5,"[0, 1, 2, 3, 4]",0.00021405647574145628,0.00015589025123004087,0.0002660304697898787,0.0002143141448021282,0.0001522363560239665,0.0003145961798898144,0.07265625000000005,0.019218690453413827,0.0527343750000001,0.1015625,1024,5,42,"[0, 1, 2, 3, 4]",6,"[0, 1, 2, 3, 4]"
7.75,0.0,1.0,0.915,0.173,2.1016601002706743,0.0,6.283185307179586,5.689773361501515,1.097970765800069,5,14,22,14,8,8,0.36363636363636365,4.4,7,4,1.6,2,4,1,linear,43,53,45,8,8,0,17,28,133,0.2636586262958001,0.42526419043236613,0.006316093954111535,1.0,2.109269010366401,1.0,7.8e-08,1.08e-07,6.24e-07,5,"[19, 20, 21, 22, 23]",9.931680910413865e-05,4.242049838087228e-05,0.00017212633523686543,7.641661102187509e-05,1.880833651631802e-05,0.0001519333543155696,0.06660156250000002,0.004222997716882743,0.06054687500000008,0.07226562500000011,1024,5,42,"[19, 20, 21, 22, 23]",6,"[19, 20, 21, 22, 23]"
7.75,0.0,1.0,0.915,0.173,2.1016601002706743,0.0,6.283185307179586,5.689773361501515,1.097970765800069,5,14,22,14,8,8,0.36363636363636365,4.4,7,4,1.6,2,4,1,linear,43,53,45,8,8,0,17,28,133,0.0358441367992043,0.03234318724849439,0.002594532669085714,0.07151359904753574,0.2867530943936344,0.25660212555283857,6.8e-08,6.8e-08,5.44e-07,5,"[38, 39, 40, 41, 42]",0.00012857171137070696,4.134690349780361e-05,0.00021538409645284747,0.00010315223016853959,4.993444267362083e-05,0.00017911477600616432,0.06738281250000001,0.00831513006148747,0.05761718750000002,0.07617187499999999,1024,5,42,"[38, 39, 40, 41, 42]",6,"[38, 39, 40, 41, 42]"
7.75,0.0,1.0,0.915,0.173,2.1016601002706743,0.0,6.283185307179586,5.689773361501515,1.097970765800069,5,14,22,14,8,8,0.36363636363636365,4.4,7,4,1.6,2,4,1,linear,43,53,45,8,8,0,17,28,133,0.5015028018316514,0.49849723912412264,0.0027198321502403533,1.0,4.012022414653211,1.0,6.8e-08,6.8e-08,5.44e-07,5,"[57, 58, 59, 60, 61]",0.0001334838255409404,8.372342795432513e-05,0.0002432870574852089,0.00019508532156737638,9.56361715254871e-05,0.0002544258132012437,0.07421874999999999,0.01161657934899442,0.056640625000000014,0.08593749999999996,1024,5,42,"[57, 58, 59, 60, 61]",6,"[57, 58, 59, 60, 61]"
7.75,0.0,1.0,0.915,0.173,2.1016601002706743,0.0,6.283185307179586,5.689773361501515,1.097970765800069,5,22,44,28,16,16,0.36363636363636365,8.8,14,4,1.6,2,12,2,linear,65,101,85,16,16,0,32,53,133,0.004217343515768537,0.0004580934098542126,0.0035611420576564523,0.004854875406855308,0.0674774962522966,0.06538619563513848,6.8e-08,6.8e-08,1.088e-06,5,"[0, 1, 2, 3, 4]",0.00021405647574145628,0.00015589025123004087,0.0002660304697898787,0.0002143141448021282,0.0001522363560239665,0.0003145961798898144,0.14369461556753466,0.008399264695295566,0.13287896900715163,0.15080910744211468,1024,5,42,"[0, 1, 2, 3, 4]",6,"[0, 1, 2, 3, 4]"
7.75,0.0,1.0,0.915,0.173,2.1016601002706743,0.0,6.283185307179586,5.689773361501515,1.097970765800069,5,22,44,28,16,16,0.36363636363636365,8.8,14,4,1.6,2,12,2,linear,65,101,85,16,16,0,32,53,133,0.2636586262958001,0.4252641904323661,0.006316093954111535,1.0,4.218538020732802,1.0,7.8e-08,1.08e-07,1.248e-06,5,"[19, 20, 21, 22, 23]",9.931680910413865e-05,4.242049838087228e-05,0.00017212633523686543,7.641661102187509e-05,1.880833651631802e-05,0.0001519333543155696,0.509461701905794,0.006549563107058293,0.5016728371406626,0.5189884452133656,1024,5,42,"[19, 20, 21, 22, 23]",6,"[19, 20, 21, 22, 23]"
7.75,0.0,1.0,0.915,0.173,2.1016601002706743,0.0,6.283185307179586,5.689773361501515,1.097970765800069,5,22,44,28,16,16,0.36363636363636365,8.8,14,4,1.6,2,12,2,linear,65,101,85,16,16,0,32,53,133,0.0358441367992043,0.03234318724849439,0.002594532669085714,0.07151359904753574,0.5735061887872688,0.4473596002674425,6.8e-08,6.8e-08,1.088e-06,5,"[38, 39, 40, 41, 42]",0.00012857171137070696,4.134690349780361e-05,0.00021538409645284747,0.00010315223016853959,4.993444267362083e-05,0.00017911477600616432,0.22423616722435802,0.015166649978426542,0.20819086504232093,0.24755039889503228,1024,5,42,"[38, 39, 40, 41, 42]",6,"[38, 39, 40, 41, 42]"
7.75,0.0,1.0,0.915,0.173,2.1016601002706743,0.0,6.283185307179586,5.689773361501515,1.097970765800069,5,22,44,28,16,16,0.36363636363636365,8.8,14,4,1.6,2,12,2,linear,65,101,85,16,16,0,32,53,133,0.5015028018316513,0.49849723912412264,0.0027198321502403533,1.0,8.02404482930642,1.0,6.8e-08,6.8e-08,1.088e-06,5,"[57, 58, 59, 60, 61]",0.0001334838255409404,8.372342795432513e-05,0.0002432870574852089,0.00019508532156737638,9.56361715254871e-05,0.0002544258132012437,0.5393723639754725,0.013481189628829363,0.5199660391951579,0.550635291912412,1024,5,42,"[57, 58, 59, 60, 61]",6,"[57, 58, 59, 60, 61]"
7.75,0.0,1.0,0.915,0.173,2.1016601002706743,0.0,6.283185307179586,5.689773361501515,1.097970765800069,5,30,66,42,24,24,0.36363636363636365,13.2,21,4,1.6,2,20,3,linear,87,149,125,24,24,0,47,78,133,0.004217343515768537,0.0004580934098542126,0.0035611420576564523,0.004854875406855308,0.1012162443784449,0.09645812069249382,6.8e-08,6.8e-08,1.632e-06,5,"[0, 1, 2, 3, 4]",0.00021405647574145628,0.00015589025123004087,0.0002660304697898787,0.0002143141448021282,0.0001522363560239665,0.0003145961798898144,0.2003117585701928,0.018615574946352336,0.1715913885575286,0.21827287878021287,1024,5,42,"[0, 1, 2, 3, 4]",6,"[0, 1, 2, 3, 4]"
7.75,0.0,1.0,0.915,0.173,2.1016601002706743,0.0,6.283185307179586,5.689773361501515,1.097970765800069,5,30,66,42,24,24,0.36363636363636365,13.2,21,4,1.6,2,20,3,linear,87,149,125,24,24,0,47,78,133,0.2636586262958001,0.4252641904323661,0.006316093954111535,1.0,6.327807031099203,1.0,7.8e-08,1.08e-07,1.872e-06,5,"[19, 20, 21, 22, 23]",9.931680910413865e-05,4.242049838087228e-05,0.00017212633523686543,7.641661102187509e-05,1.880833651631802e-05,0.0001519333543155696,0.4572503455560649,0.009605216601871006,0.4428915869893371,0.469957676061047,1024,5,42,"[19, 20, 21, 22, 23]",6,"[19, 20, 21, 22, 23]"
7.75,0.0,1.0,0.915,0.173,2.1016601002706743,0.0,6.283185307179586,5.689773361501515,1.097970765800069,5,30,66,42,24,24,0.36363636363636365,13.2,21,4,1.6,2,20,3,linear,87,149,125,24,24,0,47,78,133,0.0358441367992043,0.03234318724849439,0.002594532669085714,0.07151359904753574,0.8602592831809032,0.5891683015051867,6.8e-08,6.8e-08,1.632e-06,5,"[38, 39, 40, 41, 42]",0.00012857171137070696,4.134690349780361e-05,0.00021538409645284747,0.00010315223016853959,4.993444267362083e-05,0.00017911477600616432,0.4879234585121834,0.019084555762756007,0.46694119751899027,0.5118630725189903,1024,5,42,"[38, 39, 40, 41, 42]",6,"[38, 39, 40, 41, 42]"
7.75,0.0,1.0,0.915,0.173,2.1016601002706743,0.0,6.283185307179586,5.689773361501515,1.097970765800069,5,30,66,42,24,24,0.36363636363636365,13.2,21,4,1.6,2,20,3,linear,87,149,125,24,24,0,47,78,133,0.5015028018316513,0.49849723912412264,0.0027198321502403533,1.0,12.036067243959632,1.0,6.8e-08,6.8e-08,1.632e-06,5,"[57, 58, 59, 60, 61]",0.0001334838255409404,8.372342795432513e-05,0.0002432870574852089,0.00019508532156737638,9.56361715254871e-05,0.0002544258132012437,0.40968558893056245,0.011745025705331022,0.39828027702823754,0.4244706497441601,1024,5,42,"[57, 58, 59, 60, 61]",6,"[57, 58, 59, 60, 61]"
7.75,0.0,1.0,0.915,0.173,2.1016601002706743,0.0,6.283185307179586,5.689773361501515,1.097970765800069,5,23,40,20,20,20,0.5,8.0,14,10,4.0,4,10,1,full,123,189,145,44,44,0,79,66,133,0.004222722145634491,0.0004470783053332354,0.0035611420576564523,0.004854875406855308,0.18579977440791762,0.16989045697982663,6.800000000000001e-08,6.8e-08,2.9920000000000003e-06,5,"[0, 1, 2, 3, 4]",0.00021405647574145628,0.00015589025123004087,0.0002660304697898787,0.0002143141448021282,0.0001522363560239665,0.0003145961798898144,0.06621093750000002,0.010181571499201897,0.051757812499999944,0.07812500000000011,1024,5,42,"[0, 1, 2, 3, 4]",6,"[0, 1, 2, 3, 4]"
7.75,0.0,1.0,0.915,0.173,2.1016601002706743,0.0,6.283185307179586,5.689773361501515,1.097970765800069,5,23,40,20,20,20,0.5,8.0,14,10,4.0,4,10,1,full,123,189,145,44,44,0,79,66,133,0.2681439247659132,0.4226760197083504,0.006316093954111535,1.0,11.79833268970018,1.0,7.800000000000001e-08,1.08e-07,3.4320000000000003e-06,5,"[19, 20, 21, 22, 23]",9.931680910413865e-05,4.242049838087228e-05,0.00017212633523686543,7.641661102187509e-05,1.880833651631802e-05,0.0001519333543155696,0.07207031249999998,0.0071562777189692435,0.06542968749999993,0.08203124999999993,1024,5,42,"[19, 20, 21, 22, 23]",6,"[19, 20, 21, 22, 23]"
7.75,0.0,1.0,0.915,0.173,2.1016601002706743,0.0,6.283185307179586,5.689773361501515,1.097970765800069,5,23,40,20,20,20,0.5,8.0,14,10,4.0,4,10,1,full,123,189,145,44,44,0,79,66,133,0.025355203551295145,0.02998247000524155,0.002594532669085714,0.07151359904753574,1.1156289562569863,0.6837244973701624,6.800000000000001e-08,6.8e-08,2.9920000000000003e-06,5,"[38, 39, 40, 41, 42]",0.00012857171137070696,4.134690349780361e-05,0.00021538409645284747,0.00010315223016853959,4.993444267362083e-05,0.00017911477600616432,0.06601562500000005,0.004713874369588693,0.06054687500000018,0.07031250000000007,1024,5,42,"[38, 39, 40, 41, 42]",6,"[38, 39, 40, 41, 42]"
7.75,0.0,1.0,0.915,0.173,2.1016601002706743,0.0,6.283185307179586,5.689773361501515,1.097970765800069,5,23,40,20,20,20,0.5,8.0,14,10,4.0,4,10,1,full,123,189,145,44,44,0,79,66,133,0.6601480207389739,0.47254502696410783,0.0027198321502403533,1.0,29.046512912514853,1.0,6.800000000000001e-08,6.8e-08,2.9920000000000003e-06,5,"[57, 58, 59, 60, 61]",0.0001334838255409404,8.372342795432513e-05,0.0002432870574852089,0.00019508532156737638,9.56361715254871e-05,0.0002544258132012437,0.07578125000000001,0.007129575097048469,0.07031250000000003,0.08789062500000008,1024,5,42,"[57, 58, 59, 60, 61]",6,"[57, 58, 59, 60, 61]"
7.75,0.0,1.0,0.915,0.173,2.1016601002706743,0.0,6.283185307179586,5.689773361501515,1.097970765800069,5,40,80,40,40,40,0.5,16.0,28,10,4.0,4,30,2,full,233,379,288,91,91,0,161,127,133,0.004156385672871871,0.0004576178243353815,0.0035611420576564523,0.004854875406855308,0.3782310962313403,0.31547418859941734,6.800000000000001e-08,6.8e-08,6.1880000000000016e-06,5,"[0, 1, 2, 3, 4]",0.00021405647574145628,0.00015589025123004087,0.0002660304697898787,0.0002143141448021282,0.0001522363560239665,0.0003145961798898144,0.29062223936996284,0.02022958738525822,0.2698692098225109,0.32430933280843804,1024,5,42,"[0, 1, 2, 3, 4]",6,"[0, 1, 2, 3, 4]"
7.75,0.0,1.0,0.915,0.173,2.1016601002706743,0.0,6.283185307179586,5.689773361501515,1.097970765800069,5,40,80,40,40,40,0.5,16.0,28,10,4.0,4,30,2,full,233,379,288,91,91,0,161,127,133,0.22469688696549608,0.3984290707051957,0.006316093954111535,1.0,20.447416713860143,1.0,7.635164835164836e-08,1.08e-07,6.948000000000001e-06,5,"[19, 20, 21, 22, 23]",9.931680910413865e-05,4.242049838087228e-05,0.00017212633523686543,7.641661102187509e-05,1.880833651631802e-05,0.0001519333543155696,0.5589862242597576,0.00922783361460404,0.5501513207026759,0.5745653832026759,1024,5,42,"[19, 20, 21, 22, 23]",6,"[19, 20, 21, 22, 23]"
7.75,0.0,1.0,0.915,0.173,2.1016601002706743,0.0,6.283185307179586,5.689773361501515,1.097970765800069,5,40,80,40,40,40,0.5,16.0,28,10,4.0,4,30,2,full,233,379,288,91,91,0,161,127,133,0.034504166382892276,0.03183438437353137,0.002594532669085714,0.07151359904753574,3.139879140843197,0.9610278876711461,6.800000000000001e-08,6.8e-08,6.1880000000000016e-06,5,"[38, 39, 40, 41, 42]",0.00012857171137070696,4.134690349780361e-05,0.00021538409645284747,0.00010315223016853959,4.993444267362083e-05,0.00017911477600616432,0.536687069874468,0.012439051943267485,0.5211710665881172,0.5484386956938492,1024,5,42,"[38, 39, 40, 41, 42]",6,"[38, 39, 40, 41, 42]"
7.75,0.0,1.0,0.915,0.173,2.1016601002706743,0.0,6.283185307179586,5.689773361501515,1.097970765800069,5,40,80,40,40,40,0.5,16.0,28,10,4.0,4,30,2,full,233,379,288,91,91,0,161,127,133,0.5179681788606149,0.4981938160504644,0.0027198321502403533,1.0,47.13510427631595,1.0,6.800000000000001e-08,6.8e-08,6.1880000000000016e-06,5,"[57, 58, 59, 60, 61]",0.0001334838255409404,8.372342795432513e-05,0.0002432870574852089,0.00019508532156737638,9.56361715254871e-05,0.0002544258132012437,0.5643103857267906,0.015929173808004467,0.5414383790969439,0.5830695165658287,1024,5,42,"[57, 58, 59, 60, 61]",6,"[57, 58, 59, 60, 61]"
7.75,0.0,1.0,0.915,0.173,2.1016601002706743,0.0,6.283185307179586,5.689773361501515,1.097970765800069,5,57,120,60,60,60,0.5,24.0,42,10,4.0,4,50,3,full,344,584,446,138,138,0,247,199,133,0.004187659203739725,0.00046405055780369324,0.0035611420576564523,0.004854875406855308,0.577896970116082,0.4396117100932443,6.800000000000001e-08,6.8e-08,9.384000000000002e-06,5,"[0, 1, 2, 3, 4]",0.00021405647574145628,0.00015589025123004087,0.0002660304697898787,0.0002143141448021282,0.0001522363560239665,0.0003145961798898144,0.1860700885163793,0.013446871562051401,0.16420967951982526,0.20007617898566693,1024,5,42,"[0, 1, 2, 3, 4]",6,"[0, 1, 2, 3, 4]"
7.75,0.0,1.0,0.915,0.173,2.1016601002706743,0.0,6.283185307179586,5.689773361501515,1.097970765800069,5,57,120,60,60,60,0.5,24.0,42,10,4.0,4,50,3,full,344,584,446,138,138,0,247,199,133,0.2554514906331917,0.4175469736174131,0.006316093954111535,1.0,35.25230570738046,1.0,7.756521739130435e-08,1.08e-07,1.0704000000000001e-05,5,"[19, 20, 21, 22, 23]",9.931680910413865e-05,4.242049838087228e-05,0.00017212633523686543,7.641661102187509e-05,1.880833651631802e-05,0.0001519333543155696,0.278175330071362,0.02097200258370781,0.24366041748437486,0.2939634199990652,1024,5,42,"[19, 20, 21, 22, 23]",6,"[19, 20, 21, 22, 23]"
7.75,0.0,1.0,0.915,0.173,2.1016601002706743,0.0,6.283185307179586,5.689773361501515,1.097970765800069,5,57,120,60,60,60,0.5,24.0,42,10,4.0,4,50,3,full,344,584,446,138,138,0,247,199,133,0.030843781834658874,0.031416352932553404,0.002594532669085714,0.07151359904753574,4.256441893182925,0.9876795397793516,6.800000000000001e-08,6.8e-08,9.384000000000002e-06,5,"[38, 39, 40, 41, 42]",0.00012857171137070696,4.134690349780361e-05,0.00021538409645284747,0.00010315223016853959,4.993444267362083e-05,0.00017911477600616432,0.2732937328011647,0.020074039591660507,0.24774614531674974,0.2931955017166351,1024,5,42,"[38, 39, 40, 41, 42]",6,"[38, 39, 40, 41, 42]"
7.75,0.0,1.0,0.915,0.173,2.1016601002706743,0.0,6.283185307179586,5.689773361501515,1.097970765800069,5,57,120,60,60,60,0.5,24.0,42,10,4.0,4,50,3,full,344,584,446,138,138,0,247,199,133,0.5737839763178038,0.4931934968983881,0.0027198321502403533,1.0,79.18218873185691,1.0,6.800000000000001e-08,6.8e-08,9.384000000000002e-06,5,"[57, 58, 59, 60, 61]",0.0001334838255409404,8.372342795432513e-05,0.0002432870574852089,0.00019508532156737638,9.56361715254871e-05,0.0002544258132012437,0.28822393379572253,0.003351345106298652,0.28456215218332537,0.2932325672656978,1024,5,42,"[57, 58, 59, 60, 61]",6,"[57, 58, 59, 60, 61]"
9.8,0.899,0.235,0.855,0.318,2.7399420566491752,5.648583591154448,1.2235676650823404,5.270894341022875,2.018235280487988,5,14,22,14,8,8,0.36363636363636365,4.4,7,4,1.6,2,4,1,linear,45,63,55,8,8,0,21,34,133,0.004217343515768537,0.0004580934098542126,0.0035611420576564523,0.004854875406855308,0.0337387481261483,0.0332457373433197,6.8e-08,6.8e-08,5.44e-07,5,"[0, 1, 2, 3, 4]",0.00021405647574145628,0.00015589025123004087,0.0002660304697898787,0.0002143141448021282,0.0001522363560239665,0.0003145961798898144,0.07558593750000005,0.01071106998687206,0.061523437500000056,0.08789062500000001,1024,5,42,"[0, 1, 2, 3, 4]",7,"[0, 1, 2, 3, 4]"
9.8,0.899,0.235,0.855,0.318,2.7399420566491752,5.648583591154448,1.2235676650823404,5.270894341022875,2.018235280487988,5,14,22,14,8,8,0.36363636363636365,4.4,7,4,1.6,2,4,1,linear,45,63,55,8,8,0,21,34,133,0.2636586262958001,0.42526419043236613,0.006316093954111535,1.0,2.109269010366401,1.0,7.8e-08,1.08e-07,6.24e-07,5,"[19, 20, 21, 22, 23]",9.931680910413865e-05,4.242049838087228e-05,0.00017212633523686543,7.641661102187509e-05,1.880833651631802e-05,0.0001519333543155696,0.07500000000000002,0.00797559257386539,0.06640625000000004,0.08593750000000001,1024,5,42,"[19, 20, 21, 22, 23]",7,"[19, 20, 21, 22, 23]"
9.8,0.899,0.235,0.855,0.318,2.7399420566491752,5.648583591154448,1.2235676650823404,5.270894341022875,2.018235280487988,5,14,22,14,8,8,0.36363636363636365,4.4,7,4,1.6,2,4,1,linear,45,63,55,8,8,0,21,34,133,0.0358441367992043,0.03234318724849439,0.002594532669085714,0.07151359904753574,0.2867530943936344,0.25660212555283857,6.8e-08,6.8e-08,5.44e-07,5,"[38, 39, 40, 41, 42]",0.00012857171137070696,4.134690349780361e-05,0.00021538409645284747,0.00010315223016853959,4.993444267362083e-05,0.00017911477600616432,0.0685546875,0.012646390111859062,0.04785156250000011,0.07910156250000003,1024,5,42,"[38, 39, 40, 41, 42]",7,"[38, 39, 40, 41, 42]"
9.8,0.899,0.235,0.855,0.318,2.7399420566491752,5.648583591154448,1.2235676650823404,5.270894341022875,2.018235280487988,5,14,22,14,8,8,0.36363636363636365,4.4,7,4,1.6,2,4,1,linear,45,63,55,8,8,0,21,34,133,0.5015028018316514,0.49849723912412264,0.0027198321502403533,1.0,4.012022414653211,1.0,6.8e-08,6.8e-08,5.44e-07,5,"[57, 58, 59, 60, 61]",0.0001334838255409404,8.372342795432513e-05,0.0002432870574852089,0.00019508532156737638,9.56361715254871e-05,0.0002544258132012437,0.07128906249999999,0.012020052368253093,0.060546875,0.09179687499999997,1024,5,42,"[57, 58, 59, 60, 61]",7,"[57, 58, 59, 60, 61]"
9.8,0.899,0.235,0.855,0.318,2.7399420566491752,5.648583591154448,1.2235676650823404,5.270894341022875,2.018235280487988,5,22,44,28,16,16,0.36363636363636365,8.8,14,4,1.6,2,12,2,linear,67,121,105,16,16,0,40,65,133,0.004217343515768537,0.0004580934098542126,0.0035611420576564523,0.004854875406855308,0.0674774962522966,0.06538619563513848,6.8e-08,6.8e-08,1.088e-06,5,"[0, 1, 2, 3, 4]",0.00021405647574145628,0.00015589025123004087,0.0002660304697898787,0.0002143141448021282,0.0001522363560239665,0.0003145961798898144,0.11642288283637078,0.009539380871682424,0.10647655718736902,0.12696521269605954,1024,5,42,"[0, 1, 2, 3, 4]",7,"[0, 1, 2, 3, 4]"
9.8,0.899,0.235,0.855,0.318,2.7399420566491752,5.648583591154448,1.2235676650823404,5.270894341022875,2.018235280487988,5,22,44,28,16,16,0.36363636363636365,8.8,14,4,1.6,2,12,2,linear,67,121,105,16,16,0,40,65,133,0.2636586262958001,0.4252641904323661,0.006316093954111535,1.0,4.218538020732802,1.0,7.8e-08,1.08e-07,1.248e-06,5,"[19, 20, 21, 22, 23]",9.931680910413865e-05,4.242049838087228e-05,0.00017212633523686543,7.641661102187509e-05,1.880833651631802e-05,0.0001519333543155696,0.22012307892084668,0.013056908251053089,0.20712773164753123,0.23905541017775453,1024,5,42,"[19, 20, 21, 22, 23]",7,"[19, 20, 21, 22, 23]"
9.8,0.899,0.235,0.855,0.318,2.7399420566491752,5.648583591154448,1.2235676650823404,5.270894341022875,2.018235280487988,5,22,44,28,16,16,0.36363636363636365,8.8,14,4,1.6,2,12,2,linear,67,121,105,16,16,0,40,65,133,0.0358441367992043,0.03234318724849439,0.002594532669085714,0.07151359904753574,0.5735061887872688,0.4473596002674425,6.8e-08,6.8e-08,1.088e-06,5,"[38, 39, 40, 41, 42]",0.00012857171137070696,4.134690349780361e-05,0.00021538409645284747,0.00010315223016853959,4.993444267362083e-05,0.00017911477600616432,0.19280882894339701,0.017960097955596267,0.17645616535599226,0.22317424736656327,1024,5,42,"[38, 39, 40, 41, 42]",7,"[38, 39, 40, 41, 42]"
9.8,0.899,0.235,0.855,0.318,2.7399420566491752,5.648583591154448,1.2235676650823404,5.270894341022875,2.018235280487988,5,22,44,28,16,16,0.36363636363636365,8.8,14,4,1.6,2,12,2,linear,67,121,105,16,16,0,40,65,133,0.5015028018316513,0.49849723912412264,0.0027198321502403533,1.0,8.02404482930642,1.0,6.8e-08,6.8e-08,1.088e-06,5,"[57, 58, 59, 60, 61]",0.0001334838255409404,8.372342795432513e-05,0.0002432870574852089,0.00019508532156737638,9.56361715254871e-05,0.0002544258132012437,0.2938167958733258,0.018180564792630523,0.26951137656959484,0.3202585104668737,1024,5,42,"[57, 58, 59, 60, 61]",7,"[57, 58, 59, 60, 61]"
9.8,0.899,0.235,0.855,0.318,2.7399420566491752,5.648583591154448,1.2235676650823404,5.270894341022875,2.018235280487988,5,30,66,42,24,24,0.36363636363636365,13.2,21,4,1.6,2,20,3,linear,89,179,155,24,24,0,59,96,133,0.004217343515768537,0.0004580934098542126,0.0035611420576564523,0.004854875406855308,0.1012162443784449,0.09645812069249382,6.8e-08,6.8e-08,1.632e-06,5,"[0, 1, 2, 3, 4]",0.00021405647574145628,0.00015589025123004087,0.0002660304697898787,0.0002143141448021282,0.0001522363560239665,0.0003145961798898144,0.16133588867948484,0.02233510623622787,0.12952129519764682,0.18512601886019658,1024,5,42,"[0, 1, 2, 3, 4]",7,"[0, 1, 2, 3, 4]"
9.8,0.899,0.235,0.855,0.318,2.7399420566491752,5.648583591154448,1.2235676650823404,5.270894341022875,2.018235280487988,5,30,66,42,24,24,0.36363636363636365,13.2,21,4,1.6,2,20,3,linear,89,179,155,24,24,0,59,96,133,0.2636586262958001,0.4252641904323661,0.006316093954111535,1.0,6.327807031099203,1.0,7.8e-08,1.08e-07,1.872e-06,5,"[19, 20, 21, 22, 23]",9.931680910413865e-05,4.242049838087228e-05,0.00017212633523686543,7.641661102187509e-05,1.880833651631802e-05,0.0001519333543155696,0.35310936692393863,0.009107380209666774,0.34157660773650217,0.3636713000571414,1024,5,42,"[19, 20, 21, 22, 23]",7,"[19, 20, 21, 22, 23]"
9.8,0.899,0.235,0.855,0.318,2.7399420566491752,5.648583591154448,1.2235676650823404,5.270894341022875,2.018235280487988,5,30,66,42,24,24,0.36363636363636365,13.2,21,4,1.6,2,20,3,linear,89,179,155,24,24,0,59,96,133,0.0358441367992043,0.03234318724849439,0.002594532669085714,0.07151359904753574,0.8602592831809032,0.5891683015051867,6.8e-08,6.8e-08,1.632e-06,5,"[38, 39, 40, 41, 42]",0.00012857171137070696,4.134690349780361e-05,0.00021538409645284747,0.00010315223016853959,4.993444267362083e-05,0.00017911477600616432,0.28226965992066866,0.014090834139007764,0.26357849906006975,0.29920830071468346,1024,5,42,"[38, 39, 40, 41, 42]",7,"[38, 39, 40, 41, 42]"
9.8,0.899,0.235,0.855,0.318,2.7399420566491752,5.648583591154448,1.2235676650823404,5.270894341022875,2.018235280487988,5,30,66,42,24,24,0.36363636363636365,13.2,21,4,1.6,2,20,3,linear,89,179,155,24,24,0,59,96,133,0.5015028018316513,0.49849723912412264,0.0027198321502403533,1.0,12.036067243959632,1.0,6.8e-08,6.8e-08,1.632e-06,5,"[57, 58, 59, 60, 61]",0.0001334838255409404,8.372342795432513e-05,0.0002432870574852089,0.00019508532156737638,9.56361715254871e-05,0.0002544258132012437,0.39111276300617365,0.011287281348996899,0.3747816213074651,0.40589651358234385,1024,5,42,"[57, 58, 59, 60, 61]",7,"[57, 58, 59, 60, 61]"
9.8,0.899,0.235,0.855,0.318,2.7399420566491752,5.648583591154448,1.2235676650823404,5.270894341022875,2.018235280487988,5,23,40,20,20,20,0.5,8.0,14,10,4.0,4,10,1,full,125,195,151,44,44,0,82,69,133,0.004222722145634491,0.0004470783053332354,0.0035611420576564523,0.004854875406855308,0.18579977440791762,0.16989045697982663,6.800000000000001e-08,6.8e-08,2.9920000000000003e-06,5,"[0, 1, 2, 3, 4]",0.00021405647574145628,0.00015589025123004087,0.0002660304697898787,0.0002143141448021282,0.0001522363560239665,0.0003145961798898144,0.06777343750000003,0.013094679915516952,0.04980468750000004,0.08593749999999994,1024,5,42,"[0, 1, 2, 3, 4]",7,"[0, 1, 2, 3, 4]"
9.8,0.899,0.235,0.855,0.318,2.7399420566491752,5.648583591154448,1.2235676650823404,5.270894341022875,2.018235280487988,5,23,40,20,20,20,0.5,8.0,14,10,4.0,4,10,1,full,125,195,151,44,44,0,82,69,133,0.2681439247659132,0.4226760197083504,0.006316093954111535,1.0,11.79833268970018,1.0,7.800000000000001e-08,1.08e-07,3.4320000000000003e-06,5,"[19, 20, 21, 22, 23]",9.931680910413865e-05,4.242049838087228e-05,0.00017212633523686543,7.641661102187509e-05,1.880833651631802e-05,0.0001519333543155696,0.06523437500000002,0.010661987549965779,0.049804687500000035,0.07910156250000007,1024,5,42,"[19, 20, 21, 22, 23]",7,"[19, 20, 21, 22, 23]"
9.8,0.899,0.235,0.855,0.318,2.7399420566491752,5.648583591154448,1.2235676650823404,5.270894341022875,2.018235280487988,5,23,40,20,20,20,0.5,8.0,14,10,4.0,4,10,1,full,125,195,151,44,44,0,82,69,133,0.025355203551295145,0.02998247000524155,0.002594532669085714,0.07151359904753574,1.1156289562569863,0.6837244973701624,6.800000000000001e-08,6.8e-08,2.9920000000000003e-06,5,"[38, 39, 40, 41, 42]",0.00012857171137070696,4.134690349780361e-05,0.00021538409645284747,0.00010315223016853959,4.993444267362083e-05,0.00017911477600616432,0.06660156250000003,0.009453003937757831,0.05175781250000009,0.07812500000000001,1024,5,42,"[38, 39, 40, 41, 42]",7,"[38, 39, 40, 41, 42]"
9.8,0.899,0.235,0.855,0.318,2.7399420566491752,5.648583591154448,1.2235676650823404,5.270894341022875,2.018235280487988,5,23,40,20,20,20,0.5,8.0,14,10,4.0,4,10,1,full,125,195,151,44,44,0,82,69,133,0.6601480207389739,0.47254502696410783,0.0027198321502403533,1.0,29.046512912514853,1.0,6.800000000000001e-08,6.8e-08,2.9920000000000003e-06,5,"[57, 58, 59, 60, 61]",0.0001334838255409404,8.372342795432513e-05,0.0002432870574852089,0.00019508532156737638,9.56361715254871e-05,0.0002544258132012437,0.064453125,0.008141275390885262,0.055664062499999986,0.07226562499999997,1024,5,42,"[57, 58, 59, 60, 61]",7,"[57, 58, 59, 60, 61]"
9.8,0.899,0.235,0.855,0.318,2.7399420566491752,5.648583591154448,1.2235676650823404,5.270894341022875,2.018235280487988,5,40,80,40,40,40,0.5,16.0,28,10,4.0,4,30,2,full,240,391,300,91,91,0,167,133,133,0.004156385672871871,0.0004576178243353815,0.0035611420576564523,0.004854875406855308,0.3782310962313403,0.31547418859941734,6.800000000000001e-08,6.8e-08,6.1880000000000016e-06,5,"[0, 1, 2, 3, 4]",0.00021405647574145628,0.00015589025123004087,0.0002660304697898787,0.0002143141448021282,0.0001522363560239665,0.0003145961798898144,0.21545047263448006,0.022204819054166044,0.1891121465524916,0.24828818431855484,1024,5,42,"[0, 1, 2, 3, 4]",7,"[0, 1, 2, 3, 4]"
9.8,0.899,0.235,0.855,0.318,2.7399420566491752,5.648583591154448,1.2235676650823404,5.270894341022875,2.018235280487988,5,40,80,40,40,40,0.5,16.0,28,10,4.0,4,30,2,full,240,391,300,91,91,0,167,133,133,0.22469688696549608,0.3984290707051957,0.006316093954111535,1.0,20.447416713860143,1.0,7.635164835164836e-08,1.08e-07,6.948000000000001e-06,5,"[19, 20, 21, 22, 23]",9.931680910413865e-05,4.242049838087228e-05,0.00017212633523686543,7.641661102187509e-05,1.880833651631802e-05,0.0001519333543155696,0.3712108624367222,0.01071024850089364,0.3570230317901846,0.3847610565241213,1024,5,42,"[19, 20, 21, 22, 23]",7,"[19, 20, 21, 22, 23]"
9.8,0.899,0.235,0.855,0.318,2.7399420566491752,5.648583591154448,1.2235676650823404,5.270894341022875,2.018235280487988,5,40,80,40,40,40,0.5,16.0,28,10,4.0,4,30,2,full,240,391,300,91,91,0,167,133,133,0.034504166382892276,0.03183438437353137,0.002594532669085714,0.07151359904753574,3.139879140843197,0.9610278876711461,6.800000000000001e-08,6.8e-08,6.1880000000000016e-06,5,"[38, 39, 40, 41, 42]",0.00012857171137070696,4.134690349780361e-05,0.00021538409645284747,0.00010315223016853959,4.993444267362083e-05,0.00017911477600616432,0.3609312896003033,0.019769585829982016,0.3326089692901846,0.3860529209747289,1024,5,42,"[38, 39, 40, 41, 42]",7,"[38, 39, 40, 41, 42]"
9.8,0.899,0.235,0.855,0.318,2.7399420566491752,5.648583591154448,1.2235676650823404,5.270894341022875,2.018235280487988,5,40,80,40,40,40,0.5,16.0,28,10,4.0,4,30,2,full,240,391,300,91,91,0,167,133,133,0.5179681788606149,0.4981938160504644,0.0027198321502403533,1.0,47.13510427631595,1.0,6.800000000000001e-08,6.8e-08,6.1880000000000016e-06,5,"[57, 58, 59, 60, 61]",0.0001334838255409404,8.372342795432513e-05,0.0002432870574852089,0.00019508532156737638,9.56361715254871e-05,0.0002544258132012437,0.36287177784379043,0.016155484155881115,0.33487739624079216,0.3743341709747289,1024,5,42,"[57, 58, 59, 60, 61]",7,"[57, 58, 59, 60, 61]"
9.8,0.899,0.235,0.855,0.318,2.7399420566491752,5.648583591154448,1.2235676650823404,5.270894341022875,2.018235280487988,5,57,120,60,60,60,0.5,24.0,42,10,4.0,4,50,3,full,353,598,460,138,138,0,255,205,133,0.004187659203739725,0.00046405055780369324,0.0035611420576564523,0.004854875406855308,0.577896970116082,0.4396117100932443,6.800000000000001e-08,6.8e-08,9.384000000000002e-06,5,"[0, 1, 2, 3, 4]",0.00021405647574145628,0.00015589025123004087,0.0002660304697898787,0.0002143141448021282,0.0001522363560239665,0.0003145961798898144,0.17425551663991043,0.020234949890901185,0.14043309263392584,0.19046946026935352,1024,5,42,"[0, 1, 2, 3, 4]",7,"[0, 1, 2, 3, 4]"
9.8,0.899,0.235,0.855,0.318,2.7399420566491752,5.648583591154448,1.2235676650823404,5.270894341022875,2.018235280487988,5,57,120,60,60,60,0.5,24.0,42,10,4.0,4,50,3,full,353,598,460,138,138,0,255,205,133,0.2554514906331917,0.4175469736174131,0.006316093954111535,1.0,35.25230570738046,1.0,7.756521739130435e-08,1.08e-07,1.0704000000000001e-05,5,"[19, 20, 21, 22, 23]",9.931680910413865e-05,4.242049838087228e-05,0.00017212633523686543,7.641661102187509e-05,1.880833651631802e-05,0.0001519333543155696,0.25368499571359404,0.015113322425950957,0.23350879798792756,0.27071279665116166,1024,5,42,"[19, 20, 21, 22, 23]",7,"[19, 20, 21, 22, 23]"
9.8,0.899,0.235,0.855,0.318,2.7399420566491752,5.648583591154448,1.2235676650823404,5.270894341022875,2.018235280487988,5,57,120,60,60,60,0.5,24.0,42,10,4.0,4,50,3,full,353,598,460,138,138,0,255,205,133,0.030843781834658874,0.031416352932553404,0.002594532669085714,0.07151359904753574,4.256441893182925,0.9876795397793516,6.800000000000001e-08,6.8e-08,9.384000000000002e-06,5,"[38, 39, 40, 41, 42]",0.00012857171137070696,4.134690349780361e-05,0.00021538409645284747,0.00010315223016853959,4.993444267362083e-05,0.00017911477600616432,0.2542008105044392,0.017778169430282233,0.23674618874751452,0.2832132005854044,1024,5,42,"[38, 39, 40, 41, 42]",7,"[38, 39, 40, 41, 42]"
9.8,0.899,0.235,0.855,0.318,2.7399420566491752,5.648583591154448,1.2235676650823404,5.270894341022875,2.018235280487988,5,57,120,60,60,60,0.5,24.0,42,10,4.0,4,50,3,full,353,598,460,138,138,0,255,205,133,0.5737839763178038,0.4931934968983881,0.0027198321502403533,1.0,79.18218873185691,1.0,6.800000000000001e-08,6.8e-08,9.384000000000002e-06,5,"[57, 58, 59, 60, 61]",0.0001334838255409404,8.372342795432513e-05,0.0002432870574852089,0.00019508532156737638,9.56361715254871e-05,0.0002544258132012437,0.24964079071576828,0.01365890936563872,0.23546720594538373,0.2678633125111963,1024,5,42,"[57, 58, 59, 60, 61]",7,"[57, 58, 59, 60, 61]"
11.04,0.77,0.41,0.781,0.381,3.126024800995195,4.838052686528282,2.380996537457527,4.754276882432554,2.4180743454903255,5,14,22,14,8,8,0.36363636363636365,4.4,7,4,1.6,2,4,1,linear,45,63,55,8,8,0,21,34,133,0.004217343515768537,0.0004580934098542126,0.0035611420576564523,0.004854875406855308,0.0337387481261483,0.0332457373433197,6.8e-08,6.8e-08,5.44e-07,5,"[0, 1, 2, 3, 4]",0.00021405647574145628,0.00015589025123004087,0.0002660304697898787,0.0002143141448021282,0.0001522363560239665,0.0003145961798898144,0.07441406249999996,0.00947819184261788,0.06249999999999996,0.0859374999999999,1024,5,42,"[0, 1, 2, 3, 4]",8,"[0, 1, 2, 3, 4]"
11.04,0.77,0.41,0.781,0.381,3.126024800995195,4.838052686528282,2.380996537457527,4.754276882432554,2.4180743454903255,5,14,22,14,8,8,0.36363636363636365,4.4,7,4,1.6,2,4,1,linear,45,63,55,8,8,0,21,34,133,0.2636586262958001,0.42526419043236613,0.006316093954111535,1.0,2.109269010366401,1.0,7.8e-08,1.08e-07,6.24e-07,5,"[19, 20, 21, 22, 23]",9.931680910413865e-05,4.242049838087228e-05,0.00017212633523686543,7.641661102187509e-05,1.880833651631802e-05,0.0001519333543155696,0.06894531250000008,0.014852099830824111,0.0537109375,0.09179687500000006,1024,5,42,"[19, 20, 21, 22, 23]",8,"[19, 20, 21, 22, 23]"
11.04,0.77,0.41,0.781,0.381,3.126024800995195,4.838052686528282,2.380996537457527,4.754276882432554,2.4180743454903255,5,14,22,14,8,8,0.36363636363636365,4.4,7,4,1.6,2,4,1,linear,45,63,55,8,8,0,21,34,133,0.0358441367992043,0.03234318724849439,0.002594532669085714,0.07151359904753574,0.2867530943936344,0.25660212555283857,6.8e-08,6.8e-08,5.44e-07,5,"[38, 39, 40, 41, 42]",0.00012857171137070696,4.134690349780361e-05,0.00021538409645284747,0.00010315223016853959,4.993444267362083e-05,0.00017911477600616432,0.075,0.009627935581145481,0.05957031250000003,0.0849609375,1024,5,42,"[38, 39, 40, 41, 42]",8,"[38, 39, 40, 41, 42]"
11.04,0.77,0.41,0.781,0.381,3.126024800995195,4.838052686528282,2.380996537457527,4.754276882432554,2.4180743454903255,5,14,22,14,8,8,0.36363636363636365,4.4,7,4,1.6,2,4,1,linear,45,63,55,8,8,0,21,34,133,0.5015028018316514,0.49849723912412264,0.0027198321502403533,1.0,4.012022414653211,1.0,6.8e-08,6.8e-08,5.44e-07,5,"[57, 58, 59, 60, 61]",0.0001334838255409404,8.372342795432513e-05,0.0002432870574852089,0.00019508532156737638,9.56361715254871e-05,0.0002544258132012437,0.07070312500000009,0.005760891095215895,0.06640625000000003,0.08007812500000015,1024,5,42,"[57, 58, 59, 60, 61]",8,"[57, 58, 59, 60, 61]"
11.04,0.77,0.41,0.781,0.381,3.126024800995195,4.838052686528282,2.380996537457527,4.754276882432554,2.4180743454903255,5,22,44,28,16,16,0.36363636363636365,8.8,14,4,1.6,2,12,2,linear,67,121,105,16,16,0,40,65,133,0.004217343515768537,0.0004580934098542126,0.0035611420576564523,0.004854875406855308,0.0674774962522966,0.06538619563513848,6.8e-08,6.8e-08,1.088e-06,5,"[0, 1, 2, 3, 4]",0.00021405647574145628,0.00015589025123004087,0.0002660304697898787,0.0002143141448021282,0.0001522363560239665,0.0003145961798898144,0.2276967491238358,0.016328828505916066,0.21258881830394588,0.2509606936425497,1024,5,42,"[0, 1, 2, 3, 4]",8,"[0, 1, 2, 3, 4]"
11.04,0.77,0.41,0.781,0.381,3.126024800995195,4.838052686528282,2.380996537457527,4.754276882432554,2.4180743454903255,5,22,44,28,16,16,0.36363636363636365,8.8,14,4,1.6,2,12,2,linear,67,121,105,16,16,0,40,65,133,0.2636586262958001,0.4252641904323661,0.006316093954111535,1.0,4.218538020732802,1.0,7.8e-08,1.08e-07,1.248e-06,5,"[19, 20, 21, 22, 23]",9.931680910413865e-05,4.242049838087228e-05,0.00017212633523686543,7.641661102187509e-05,1.880833651631802e-05,0.0001519333543155696,0.6812194063767908,0.013713663052114529,0.6600784761256779,0.6971460826706337,1024,5,42,"[19, 20, 21, 22, 23]",8,"[19, 20, 21, 22, 23]"
11.04,0.77,0.41,0.781,0.381,3.126024800995195,4.838052686528282,2.380996537457527,4.754276882432554,2.4180743454903255,5,22,44,28,16,16,0.36363636363636365,8.8,14,4,1.6,2,12,2,linear,67,121,105,16,16,0,40,65,133,0.0358441367992043,0.03234318724849439,0.002594532669085714,0.07151359904753574,0.5735061887872688,0.4473596002674425,6.8e-08,6.8e-08,1.088e-06,5,"[38, 39, 40, 41, 42]",0.00012857171137070696,4.134690349780361e-05,0.00021538409645284747,0.00010315223016853959,4.993444267362083e-05,0.00017911477600616432,0.24519795421043472,0.017263912973390087,0.2211050410484005,0.26899267530520204,1024,5,42,"[38, 39, 40, 41, 42]",8,"[38, 39, 40, 41, 42]"
11.04,0.77,0.41,0.781,0.381,3.126024800995195,4.838052686528282,2.380996537457527,4.754276882432554,2.4180743454903255,5,22,44,28,16,16,0.36363636363636365,8.8,14,4,1.6,2,12,2,linear,67,121,105,16,16,0,40,65,133,0.5015028018316513,0.49849723912412264,0.0027198321502403533,1.0,8.02404482930642,1.0,6.8e-08,6.8e-08,1.088e-06,5,"[57, 58, 59, 60, 61]",0.0001334838255409404,8.372342795432513e-05,0.0002432870574852089,0.00019508532156737638,9.56361715254871e-05,0.0002544258132012437,0.6872275010241647,0.00883828307900077,0.6725408243625475,0.6940251993625475,1024,5,42,"[57, 58, 59, 60, 61]",8,"[57, 58, 59, 60, 61]"
11.04,0.77,0.41,0.781,0.381,3.126024800995195,4.838052686528282,2.380996537457527,4.754276882432554,2.4180743454903255,5,30,66,42,24,24,0.36363636363636365,13.2,21,4,1.6,2,20,3,linear,89,179,155,24,24,0,59,96,133,0.004217343515768537,0.0004580934098542126,0.0035611420576564523,0.004854875406855308,0.1012162443784449,0.09645812069249382,6.8e-08,6.8e-08,1.632e-06,5,"[0, 1, 2, 3, 4]",0.00021405647574145628,0.00015589025123004087,0.0002660304697898787,0.0002143141448021282,0.0001522363560239665,0.0003145961798898144,0.09563641080116755,0.00789535504871933,0.08581938665033961,0.10350570608142579,1024,5,42,"[0, 1, 2, 3, 4]",8,"[0, 1, 2, 3, 4]"
11.04,0.77,0.41,0.781,0.381,3.126024800995195,4.838052686528282,2.380996537457527,4.754276882432554,2.4180743454903255,5,30,66,42,24,24,0.36363636363636365,13.2,21,4,1.6,2,20,3,linear,89,179,155,24,24,0,59,96,133,0.2636586262958001,0.4252641904323661,0.006316093954111535,1.0,6.327807031099203,1.0,7.8e-08,1.08e-07,1.872e-06,5,"[19, 20, 21, 22, 23]",9.931680910413865e-05,4.242049838087228e-05,0.00017212633523686543,7.641661102187509e-05,1.880833651631802e-05,0.0001519333543155696,0.22889981651703922,0.01757006490891865,0.20841574370380309,0.25366722681541487,1024,5,42,"[19, 20, 21, 22, 23]",8,"[19, 20, 21, 22, 23]"
11.04,0.77,0.41,0.781,0.381,3.126024800995195,4.838052686528282,2.380996537457527,4.754276882432554,2.4180743454903255,5,30,66,42,24,24,0.36363636363636365,13.2,21,4,1.6,2,20,3,linear,89,179,155,24,24,0,59,96,133,0.0358441367992043,0.03234318724849439,0.002594532669085714,0.07151359904753574,0.8602592831809032,0.5891683015051867,6.8e-08,6.8e-08,1.632e-06,5,"[38, 39, 40, 41, 42]",0.00012857171137070696,4.134690349780361e-05,0.00021538409645284747,0.00010315223016853959,4.993444267362083e-05,0.00017911477600616432,0.26201142662572885,0.011711641759570362,0.24806863690603703,0.2785615309806152,1024,5,42,"[38, 39, 40, 41, 42]",8,"[38, 39, 40, 41, 42]"
11.04,0.77,0.41,0.781,0.381,3.126024800995195,4.838052686528282,2.380996537457527,4.754276882432554,2.4180743454903255,5,30,66,42,24,24,0.36363636363636365,13.2,21,4,1.6,2,20,3,linear,89,179,155,24,24,0,59,96,133,0.5015028018316513,0.49849723912412264,0.0027198321502403533,1.0,12.036067243959632,1.0,6.8e-08,6.8e-08,1.632e-06,5,"[57, 58, 59, 60, 61]",0.0001334838255409404,8.372342795432513e-05,0.0002432870574852089,0.00019508532156737638,9.56361715254871e-05,0.0002544258132012437,0.3060090393022866,0.012130610838520578,0.28592798702379696,0.3170668013001844,1024,5,42,"[57, 58, 59, 60, 61]",8,"[57, 58, 59, 60, 61]"
11.04,0.77,0.41,0.781,0.381,3.126024800995195,4.838052686528282,2.380996537457527,4.754276882432554,2.4180743454903255,5,23,40,20,20,20,0.5,8.0,14,10,4.0,4,10,1,full,125,195,151,44,44,0,82,69,133,0.004222722145634491,0.0004470783053332354,0.0035611420576564523,0.004854875406855308,0.18579977440791762,0.16989045697982663,6.800000000000001e-08,6.8e-08,2.9920000000000003e-06,5,"[0, 1, 2, 3, 4]",0.00021405647574145628,0.00015589025123004087,0.0002660304697898787,0.0002143141448021282,0.0001522363560239665,0.0003145961798898144,0.07050781250000002,0.0061142483759760195,0.06152343749999998,0.07617187500000006,1024,5,42,"[0, 1, 2, 3, 4]",8,"[0, 1, 2, 3, 4]"
11.04,0.77,0.41,0.781,0.381,3.126024800995195,4.838052686528282,2.380996537457527,4.754276882432554,2.4180743454903255,5,23,40,20,20,20,0.5,8.0,14,10,4.0,4,10,1,full,125,195,151,44,44,0,82,69,133,0.2681439247659132,0.4226760197083504,0.006316093954111535,1.0,11.79833268970018,1.0,7.800000000000001e-08,1.08e-07,3.4320000000000003e-06,5,"[19, 20, 21, 22, 23]",9.931680910413865e-05,4.242049838087228e-05,0.00017212633523686543,7.641661102187509e-05,1.880833651631802e-05,0.0001519333543155696,0.06699218750000004,0.006680715381440255,0.05957031249999996,0.07421875,1024,5,42,"[19, 20, 21, 22, 23]",8,"[19, 20, 21, 22, 23]"
11.04,0.77,0.41,0.781,0.381,3.126024800995195,4.838052686528282,2.380996537457527,4.754276882432554,2.4180743454903255,5,23,40,20,20,20,0.5,8.0,14,10,4.0,4,10,1,full,125,195,151,44,44,0,82,69,133,0.025355203551295145,0.02998247000524155,0.002594532669085714,0.07151359904753574,1.1156289562569863,0.6837244973701624,6.800000000000001e-08,6.8e-08,2.9920000000000003e-06,5,"[38, 39, 40, 41, 42]",0.00012857171137070696,4.134690349780361e-05,0.00021538409645284747,0.00010315223016853959,4.993444267362083e-05,0.00017911477600616432,0.06992187500000005,0.014229021659026519,0.04687500000000011,0.0859375,1024,5,42,"[38, 39, 40, 41, 42]",8,"[38, 39, 40, 41, 42]"
11.04,0.77,0.41,0.781,0.381,3.126024800995195,4.838052686528282,2.380996537457527,4.754276882432554,2.4180743454903255,5,23,40,20,20,20,0.5,8.0,14,10,4.0,4,10,1,full,125,195,151,44,44,0,82,69,133,0.6601480207389739,0.47254502696410783,0.0027198321502403533,1.0,29.046512912514853,1.0,6.800000000000001e-08,6.8e-08,2.9920000000000003e-06,5,"[57, 58, 59, 60, 61]",0.0001334838255409404,8.372342795432513e-05,0.0002432870574852089,0.00019508532156737638,9.56361715254871e-05,0.0002544258132012437,0.06660156250000003,0.005752607998055889,0.05957031250000008,0.0732421875,1024,5,42,"[57, 58, 59, 60, 61]",8,"[57, 58, 59, 60, 61]"
11.04,0.77,0.41,0.781,0.381,3.126024800995195,4.838052686528282,2.380996537457527,4.754276882432554,2.4180743454903255,5,40,80,40,40,40,0.5,16.0,28,10,4.0,4,30,2,full,240,391,300,91,91,0,167,133,133,0.004156385672871871,0.0004576178243353815,0.0035611420576564523,0.004854875406855308,0.3782310962313403,0.31547418859941734,6.800000000000001e-08,6.8e-08,6.1880000000000016e-06,5,"[0, 1, 2, 3, 4]",0.00021405647574145628,0.00015589025123004087,0.0002660304697898787,0.0002143141448021282,0.0001522363560239665,0.0003145961798898144,0.31954244587742037,0.010479533541766527,0.3042349283157085,0.33221740579836323,1024,5,42,"[0, 1, 2, 3, 4]",8,"[0, 1, 2, 3, 4]"
11.04,0.77,0.41,0.781,0.381,3.126024800995195,4.838052686528282,2.380996537457527,4.754276882432554,2.4180743454903255,5,40,80,40,40,40,0.5,16.0,28,10,4.0,4,30,2,full,240,391,300,91,91,0,167,133,133,0.22469688696549608,0.3984290707051957,0.006316093954111535,1.0,20.447416713860143,1.0,7.635164835164836e-08,1.08e-07,6.948000000000001e-06,5,"[19, 20, 21, 22, 23]",9.931680910413865e-05,4.242049838087228e-05,0.00017212633523686543,7.641661102187509e-05,1.880833651631802e-05,0.0001519333543155696,0.6177712368108838,0.012821631134138044,0.6056541849685522,0.6391951449858974,1024,5,42,"[19, 20, 21, 22, 23]",8,"[19, 20, 21, 22, 23]"
11.04,0.77,0.41,0.781,0.381,3.126024800995195,4.838052686528282,2.380996537457527,4.754276882432554,2.4180743454903255,5,40,80,40,40,40,0.5,16.0,28,10,4.0,4,30,2,full,240,391,300,91,91,0,167,133,133,0.034504166382892276,0.03183438437353137,0.002594532669085714,0.07151359904753574,3.139879140843197,0.9610278876711461,6.800000000000001e-08,6.8e-08,6.1880000000000016e-06,5,"[38, 39, 40, 41, 42]",0.00012857171137070696,4.134690349780361e-05,0.00021538409645284747,0.00010315223016853959,4.993444267362083e-05,0.00017911477600616432,0.5758464721483906,0.006626977627747468,0.5659529574858974,0.5822174057983632,1024,5,42,"[38, 39, 40, 41, 42]",8,"[38, 39, 40, 41, 42]"
11.04,0.77,0.41,0.781,0.381,3.126024800995195,4.838052686528282,2.380996537457527,4.754276882432554,2.4180743454903255,5,40,80,40,40,40,0.5,16.0,28,10,4.0,4,30,2,full,240,391,300,91,91,0,167,133,133,0.5179681788606149,0.4981938160504644,0.0027198321502403533,1.0,47.13510427631595,1.0,6.800000000000001e-08,6.8e-08,6.1880000000000016e-06,5,"[57, 58, 59, 60, 61]",0.0001334838255409404,8.372342795432513e-05,0.0002432870574852089,0.00019508532156737638,9.56361715254871e-05,0.0002544258132012437,0.6160812796462772,0.01505004954081829,0.5991568033157084,0.6382193033157084,1024,5,42,"[57, 58, 59, 60, 61]",8,"[57, 58, 59, 60, 61]"
11.04,0.77,0.41,0.781,0.381,3.126024800995195,4.838052686528282,2.380996537457527,4.754276882432554,2.4180743454903255,5,57,120,60,60,60,0.5,24.0,42,10,4.0,4,50,3,full,353,598,460,138,138,0,255,205,133,0.004187659203739725,0.00046405055780369324,0.0035611420576564523,0.004854875406855308,0.577896970116082,0.4396117100932443,6.800000000000001e-08,6.8e-08,9.384000000000002e-06,5,"[0, 1, 2, 3, 4]",0.00021405647574145628,0.00015589025123004087,0.0002660304697898787,0.0002143141448021282,0.0001522363560239665,0.0003145961798898144,0.2237096407468314,0.009894950233917907,0.2096906267703123,0.234302936158803,1024,5,42,"[0, 1, 2, 3, 4]",8,"[0, 1, 2, 3, 4]"
11.04,0.77,0.41,0.781,0.381,3.126024800995195,4.838052686528282,2.380996537457527,4.754276882432554,2.4180743454903255,5,57,120,60,60,60,0.5,24.0,42,10,4.0,4,50,3,full,353,598,460,138,138,0,255,205,133,0.2554514906331917,0.4175469736174131,0.006316093954111535,1.0,35.25230570738046,1.0,7.756521739130435e-08,1.08e-07,1.0704000000000001e-05,5,"[19, 20, 21, 22, 23]",9.931680910413865e-05,4.242049838087228e-05,0.00017212633523686543,7.641661102187509e-05,1.880833651631802e-05,0.0001519333543155696,0.38288948347303464,0.007982147872726438,0.3734743297078996,0.39307358929310743,1024,5,42,"[19, 20, 21, 22, 23]",8,"[19, 20, 21, 22, 23]"
11.04,0.77,0.41,0.781,0.381,3.126024800995195,4.838052686528282,2.380996537457527,4.754276882432554,2.4180743454903255,5,57,120,60,60,60,0.5,24.0,42,10,4.0,4,50,3,full,353,598,460,138,138,0,255,205,133,0.030843781834658874,0.031416352932553404,0.002594532669085714,0.07151359904753574,4.256441893182925,0.9876795397793516,6.800000000000001e-08,6.8e-08,9.384000000000002e-06,5,"[38, 39, 40, 41, 42]",0.00012857171137070696,4.134690349780361e-05,0.00021538409645284747,0.00010315223016853959,4.993444267362083e-05,0.00017911477600616432,0.36508536084279875,0.012819816927976208,0.3521823588520132,0.3836414248752331,1024,5,42,"[38, 39, 40, 41, 42]",8,"[38, 39, 40, 41, 42]"
11.04,0.77,0.41,0.781,0.381,3.126024800995195,4.838052686528282,2.380996537457527,4.754276882432554,2.4180743454903255,5,57,120,60,60,60,0.5,24.0,42,10,4.0,4,50,3,full,353,598,460,138,138,0,255,205,133,0.5737839763178038,0.4931934968983881,0.0027198321502403533,1.0,79.18218873185691,1.0,6.800000000000001e-08,6.8e-08,9.384000000000002e-06,5,"[57, 58, 59, 60, 61]",0.0001334838255409404,8.372342795432513e-05,0.0002432870574852089,0.00019508532156737638,9.56361715254871e-05,0.0002544258132012437,0.3890522556339639,0.018446449988775735,0.3597416106095478,0.40916114452447017,1024,5,42,"[57, 58, 59, 60, 61]",8,"[57, 58, 59, 60, 61]"
7.85,0.0,1.0,0.964,0.171,2.1327958054598692,0.0,6.283185307179586,6.031857894892402,1.0852774621492014,5,14,22,14,8,8,0.36363636363636365,4.4,7,4,1.6,2,4,1,linear,43,53,45,8,8,0,17,28,133,0.004217343515768537,0.0004580934098542126,0.0035611420576564523,0.004854875406855308,0.0337387481261483,0.0332457373433197,6.8e-08,6.8e-08,5.44e-07,5,"[0, 1, 2, 3, 4]",0.00021405647574145628,0.00015589025123004087,0.0002660304697898787,0.0002143141448021282,0.0001522363560239665,0.0003145961798898144,0.071875,0.0034938562148434313,0.06738281249999997,0.0771484375,1024,5,42,"[0, 1, 2, 3, 4]",9,"[0, 1, 2, 3, 4]"
7.85,0.0,1.0,0.964,0.171,2.1327958054598692,0.0,6.283185307179586,6.031857894892402,1.0852774621492014,5,14,22,14,8,8,0.36363636363636365,4.4,7,4,1.6,2,4,1,linear,43,53,45,8,8,0,17,28,133,0.2636586262958001,0.42526419043236613,0.006316093954111535,1.0,2.109269010366401,1.0,7.8e-08,1.08e-07,6.24e-07,5,"[19, 20, 21, 22, 23]",9.931680910413865e-05,4.242049838087228e-05,0.00017212633523686543,7.641661102187509e-05,1.880833651631802e-05,0.0001519333543155696,0.07285156250000001,0.009254185734751676,0.05664062500000001,0.08007812500000006,1024,5,42,"[19, 20, 21, 22, 23]",9,"[19, 20, 21, 22, 23]"
7.85,0.0,1.0,0.964,0.171,2.1327958054598692,0.0,6.283185307179586,6.031857894892402,1.0852774621492014,5,14,22,14,8,8,0.36363636363636365,4.4,7,4,1.6,2,4,1,linear,43,53,45,8,8,0,17,28,133,0.0358441367992043,0.03234318724849439,0.002594532669085714,0.07151359904753574,0.2867530943936344,0.25660212555283857,6.8e-08,6.8e-08,5.44e-07,5,"[38, 39, 40, 41, 42]",0.00012857171137070696,4.134690349780361e-05,0.00021538409645284747,0.00010315223016853959,4.993444267362083e-05,0.00017911477600616432,0.07636718750000002,0.003194419381600802,0.07324218750000008,0.08105468750000003,1024,5,42,"[38, 39, 40, 41, 42]",9,"[38, 39, 40, 41, 42]"
7.85,0.0,1.0,0.964,0.171,2.1327958054598692,0.0,6.283185307179586,6.031857894892402,1.0852774621492014,5,14,22,14,8,8,0.36363636363636365,4.4,7,4,1.6,2,4,1,linear,43,53,45,8,8,0,17,28,133,0.5015028018316514,0.49849723912412264,0.0027198321502403533,1.0,4.012022414653211,1.0,6.8e-08,6.8e-08,5.44e-07,5,"[57, 58, 59, 60, 61]",0.0001334838255409404,8.372342795432513e-05,0.0002432870574852089,0.00019508532156737638,9.56361715254871e-05,0.0002544258132012437,0.06855468749999998,0.0036146006881487996,0.06445312499999994,0.07324218749999997,1024,5,42,"[57, 58, 59, 60, 61]",9,"[57, 58, 59, 60, 61]"
7.85,0.0,1.0,0.964,0.171,2.1327958054598692,0.0,6.283185307179586,6.031857894892402,1.0852774621492014,5,22,44,28,16,16,0.36363636363636365,8.8,14,4,1.6,2,12,2,linear,65,101,85,16,16,0,32,53,133,0.004217343515768537,0.0004580934098542126,0.0035611420576564523,0.004854875406855308,0.0674774962522966,0.06538619563513848,6.8e-08,6.8e-08,1.088e-06,5,"[0, 1, 2, 3, 4]",0.00021405647574145628,0.00015589025123004087,0.0002660304697898787,0.0002143141448021282,0.0001522363560239665,0.0003145961798898144,0.15273121257065256,0.012814793662107698,0.1428488877921229,0.17427788323831728,1024,5,42,"[0, 1, 2, 3, 4]",9,"[0, 1, 2, 3, 4]"
7.85,0.0,1.0,0.964,0.171,2.1327958054598692,0.0,6.283185307179586,6.031857894892402,1.0852774621492014,5,22,44,28,16,16,0.36363636363636365,8.8,14,4,1.6,2,12,2,linear,65,101,85,16,16,0,32,53,133,0.2636586262958001,0.4252641904323661,0.006316093954111535,1.0,4.218538020732802,1.0,7.8e-08,1.08e-07,1.248e-06,5,"[19, 20, 21, 22, 23]",9.931680910413865e-05,4.242049838087228e-05,0.00017212633523686543,7.641661102187509e-05,1.880833651631802e-05,0.0001519333543155696,0.48851983662164605,0.011459149349348444,0.47207707122711395,0.4999843248369187,1024,5,42,"[19, 20, 21, 22, 23]",9,"[19, 20, 21, 22, 23]"
7.85,0.0,1.0,0.964,0.171,2.1327958054598692,0.0,6.283185307179586,6.031857894892402,1.0852774621492014,5,22,44,28,16,16,0.36363636363636365,8.8,14,4,1.6,2,12,2,linear,65,101,85,16,16,0,32,53,133,0.0358441367992043,0.03234318724849439,0.002594532669085714,0.07151359904753574,0.5735061887872688,0.4473596002674425,6.8e-08,6.8e-08,1.088e-06,5,"[38, 39, 40, 41, 42]",0.00012857171137070696,4.134690349780361e-05,0.00021538409645284747,0.00010315223016853959,4.993444267362083e-05,0.00017911477600616432,0.29031248494783674,0.017500578787254726,0.261797864854739,0.30637915606363497,1024,5,42,"[38, 39, 40, 41, 42]",9,"[38, 39, 40, 41, 42]"
7.85,0.0,1.0,0.964,0.171,2.1327958054598692,0.0,6.283185307179586,6.031857894892402,1.0852774621492014,5,22,44,28,16,16,0.36363636363636365,8.8,14,4,1.6,2,12,2,linear,65,101,85,16,16,0,32,53,133,0.5015028018316513,0.49849723912412264,0.0027198321502403533,1.0,8.02404482930642,1.0,6.8e-08,6.8e-08,1.088e-06,5,"[57, 58, 59, 60, 61]",0.0001334838255409404,8.372342795432513e-05,0.0002432870574852089,0.00019508532156737638,9.56361715254871e-05,0.0002544258132012437,0.5169391366366434,0.013475680685616604,0.5007346927032149,0.5328432442558049,1024,5,42,"[57, 58, 59, 60, 61]",9,"[57, 58, 59, 60, 61]"
7.85,0.0,1.0,0.964,0.171,2.1327958054598692,0.0,6.283185307179586,6.031857894892402,1.0852774621492014,5,30,66,42,24,24,0.36363636363636365,13.2,21,4,1.6,2,20,3,linear,87,149,125,24,24,0,47,78,133,0.004217343515768537,0.0004580934098542126,0.0035611420576564523,0.004854875406855308,0.1012162443784449,0.09645812069249382,6.8e-08,6.8e-08,1.632e-06,5,"[0, 1, 2, 3, 4]",0.00021405647574145628,0.00015589025123004087,0.0002660304697898787,0.0002143141448021282,0.0001522363560239665,0.0003145961798898144,0.18704575670661047,0.007156646806595781,0.17773789425301584,0.19744970780808108,1024,5,42,"[0, 1, 2, 3, 4]",9,"[0, 1, 2, 3, 4]"
7.85,0.0,1.0,0.964,0.171,2.1327958054598692,0.0,6.283185307179586,6.031857894892402,1.0852774621492014,5,30,66,42,24,24,0.36363636363636365,13.2,21,4,1.6,2,20,3,linear,87,149,125,24,24,0,47,78,133,0.2636586262958001,0.4252641904323661,0.006316093954111535,1.0,6.327807031099203,1.0,7.8e-08,1.08e-07,1.872e-06,5,"[19, 20, 21, 22, 23]",9.931680910413865e-05,4.242049838087228e-05,0.00017212633523686543,7.641661102187509e-05,1.880833651631802e-05,0.0001519333543155696,0.4777444683556629,0.012434676263169065,0.456227284212954,0.4885358695697264,1024,5,42,"[19, 20, 21, 22, 23]",9,"[19, 20, 21, 22, 23]"
7.85,0.0,1.0,0.964,0.171,2.1327958054598692,0.0,6.283185307179586,6.031857894892402,1.0852774621492014,5,30,66,42,24,24,0.36363636363636365,13.2,21,4,1.6,2,20,3,linear,87,149,125,24,24,0,47,78,133,0.0358441367992043,0.03234318724849439,0.002594532669085714,0.07151359904753574,0.8602592831809032,0.5891683015051867,6.8e-08,6.8e-08,1.632e-06,5,"[38, 39, 40, 41, 42]",0.00012857171137070696,4.134690349780361e-05,0.00021538409645284747,0.00010315223016853959,4.993444267362083e-05,0.00017911477600616432,0.25113775337928357,0.01618495719093169,0.2258933807729393,0.26905257277019784,1024,5,42,"[38, 39, 40, 41, 42]",9,"[38, 39, 40, 41, 42]"
7.85,0.0,1.0,0.964,0.171,2.1327958054598692,0.0,6.283185307179586,6.031857894892402,1.0852774621492014,5,30,66,42,24,24,0.36363636363636365,13.2,21,4,1.6,2,20,3,linear,87,149,125,24,24,0,47,78,133,0.5015028018316513,0.49849723912412264,0.0027198321502403533,1.0,12.036067243959632,1.0,6.8e-08,6.8e-08,1.632e-06,5,"[57, 58, 59, 60, 61]",0.0001334838255409404,8.372342795432513e-05,0.0002432870574852089,0.00019508532156737638,9.56361715254871e-05,0.0002544258132012437,0.4977241491204264,0.018696049836379576,0.47567430642702924,0.5207624320697264,1024,5,42,"[57, 58, 59, 60, 61]",9,"[57, 58, 59, 60, 61]"
7.85,0.0,1.0,0.964,0.171,2.1327958054598692,0.0,6.283185307179586,6.031857894892402,1.0852774621492014,5,23,40,20,20,20,0.5,8.0,14,10,4.0,4,10,1,full,123,189,145,44,44,0,79,66,133,0.004222722145634491,0.0004470783053332354,0.0035611420576564523,0.004854875406855308,0.18579977440791762,0.16989045697982663,6.800000000000001e-08,6.8e-08,2.9920000000000003e-06,5,"[0, 1, 2, 3, 4]",0.00021405647574145628,0.00015589025123004087,0.0002660304697898787,0.0002143141448021282,0.0001522363560239665,0.0003145961798898144,0.0724609375,0.009968593871230336,0.05859375000000004,0.08496093750000001,1024,5,42,"[0, 1, 2, 3, 4]",9,"[0, 1, 2, 3, 4]"
7.85,0.0,1.0,0.964,0.171,2.1327958054598692,0.0,6.283185307179586,6.031857894892402,1.0852774621492014,5,23,40,20,20,20,0.5,8.0,14,10,4.0,4,10,1,full,123,189,145,44,44,0,79,66,133,0.2681439247659132,0.4226760197083504,0.006316093954111535,1.0,11.79833268970018,1.0,7.800000000000001e-08,1.08e-07,3.4320000000000003e-06,5,"[19, 20, 21, 22, 23]",9.931680910413865e-05,4.242049838087228e-05,0.00017212633523686543,7.641661102187509e-05,1.880833651631802e-05,0.0001519333543155696,0.06914062500000001,0.007353457264459647,0.06347656250000007,0.08203125000000003,1024,5,42,"[19, 20, 21, 22, 23]",9,"[19, 20, 21, 22, 23]"
7.85,0.0,1.0,0.964,0.171,2.1327958054598692,0.0,6.283185307179586,6.031857894892402,1.0852774621492014,5,23,40,20,20,20,0.5,8.0,14,10,4.0,4,10,1,full,123,189,145,44,44,0,79,66,133,0.025355203551295145,0.02998247000524155,0.002594532669085714,0.07151359904753574,1.1156289562569863,0.6837244973701624,6.800000000000001e-08,6.8e-08,2.9920000000000003e-06,5,"[38, 39, 40, 41, 42]",0.00012857171137070696,4.134690349780361e-05,0.00021538409645284747,0.00010315223016853959,4.993444267362083e-05,0.00017911477600616432,0.07070312500000002,0.013751858672316236,0.05761718750000002,0.08593750000000008,1024,5,42,"[38, 39, 40, 41, 42]",9,"[38, 39, 40, 41, 42]"
7.85,0.0,1.0,0.964,0.171,2.1327958054598692,0.0,6.283185307179586,6.031857894892402,1.0852774621492014,5,23,40,20,20,20,0.5,8.0,14,10,4.0,4,10,1,full,123,189,145,44,44,0,79,66,133,0.6601480207389739,0.47254502696410783,0.0027198321502403533,1.0,29.046512912514853,1.0,6.800000000000001e-08,6.8e-08,2.9920000000000003e-06,5,"[57, 58, 59, 60, 61]",0.0001334838255409404,8.372342795432513e-05,0.0002432870574852089,0.00019508532156737638,9.56361715254871e-05,0.0002544258132012437,0.07011718750000004,0.010948829232948432,0.05468750000000004,0.08398437500000008,1024,5,42,"[57, 58, 59, 60, 61]",9,"[57, 58, 59, 60, 61]"
7.85,0.0,1.0,0.964,0.171,2.1327958054598692,0.0,6.283185307179586,6.031857894892402,1.0852774621492014,5,40,80,40,40,40,0.5,16.0,28,10,4.0,4,30,2,full,233,379,288,91,91,0,161,127,133,0.004156385672871871,0.0004576178243353815,0.0035611420576564523,0.004854875406855308,0.3782310962313403,0.31547418859941734,6.800000000000001e-08,6.8e-08,6.1880000000000016e-06,5,"[0, 1, 2, 3, 4]",0.00021405647574145628,0.00015589025123004087,0.0002660304697898787,0.0002143141448021282,0.0001522363560239665,0.0003145961798898144,0.19916411006140403,0.00960028686884881,0.18440371483827733,0.21001844856399365,1024,5,42,"[0, 1, 2, 3, 4]",9,"[0, 1, 2, 3, 4]"
7.85,0.0,1.0,0.964,0.171,2.1327958054598692,0.0,6.283185307179586,6.031857894892402,1.0852774621492014,5,40,80,40,40,40,0.5,16.0,28,10,4.0,4,30,2,full,233,379,288,91,91,0,161,127,133,0.22469688696549608,0.3984290707051957,0.006316093954111535,1.0,20.447416713860143,1.0,7.635164835164836e-08,1.08e-07,6.948000000000001e-06,5,"[19, 20, 21, 22, 23]",9.931680910413865e-05,4.242049838087228e-05,0.00017212633523686543,7.641661102187509e-05,1.880833651631802e-05,0.0001519333543155696,0.4652553877736981,0.011482916797933555,0.4528467649119233,0.4840967649119233,1024,5,42,"[19, 20, 21, 22, 23]",9,"[19, 20, 21, 22, 23]"
7.85,0.0,1.0,0.964,0.171,2.1327958054598692,0.0,6.283185307179586,6.031857894892402,1.0852774621492014,5,40,80,40,40,40,0.5,16.0,28,10,4.0,4,30,2,full,233,379,288,91,91,0,161,127,133,0.034504166382892276,0.03183438437353137,0.002594532669085714,0.07151359904753574,3.139879140843197,0.9610278876711461,6.800000000000001e-08,6.8e-08,6.1880000000000016e-06,5,"[38, 39, 40, 41, 42]",0.00012857171137070696,4.134690349780361e-05,0.00021538409645284747,0.00010315223016853959,4.993444267362083e-05,0.00017911477600616432,0.4440182929545854,0.006030688540441788,0.43552847831636016,0.4511534783163602,1024,5,42,"[38, 39, 40, 41, 42]",9,"[38, 39, 40, 41, 42]"
7.85,0.0,1.0,0.964,0.171,2.1327958054598692,0.0,6.283185307179586,6.031857894892402,1.0852774621492014,5,40,80,40,40,40,0.5,16.0,28,10,4.0,4,30,2,full,233,379,288,91,91,0,161,127,133,0.5179681788606149,0.4981938160504644,0.0027198321502403533,1.0,47.13510427631595,1.0,6.800000000000001e-08,6.8e-08,6.1880000000000016e-06,5,"[57, 58, 59, 60, 61]",0.0001334838255409404,8.372342795432513e-05,0.0002432870574852089,0.00019508532156737638,9.56361715254871e-05,0.0002544258132012437,0.46583406275110517,0.004725813864547452,0.4614877519032229,0.4712533769032229,1024,5,42,"[57, 58, 59, 60, 61]",9,"[57, 58, 59, 60, 61]"
7.85,0.0,1.0,0.964,0.171,2.1327958054598692,0.0,6.283185307179586,6.031857894892402,1.0852774621492014,5,57,120,60,60,60,0.5,24.0,42,10,4.0,4,50,3,full,344,584,446,138,138,0,247,199,133,0.004187659203739725,0.00046405055780369324,0.0035611420576564523,0.004854875406855308,0.577896970116082,0.4396117100932443,6.800000000000001e-08,6.8e-08,9.384000000000002e-06,5,"[0, 1, 2, 3, 4]",0.00021405647574145628,0.00015589025123004087,0.0002660304697898787,0.0002143141448021282,0.0001522363560239665,0.0003145961798898144,0.23149444619775594,0.012244327587082276,0.21801381277126827,0.24778293522837497,1024,5,42,"[0, 1, 2, 3, 4]",9,"[0, 1, 2, 3, 4]"
7.85,0.0,1.0,0.964,0.171,2.1327958054598692,0.0,6.283185307179586,6.031857894892402,1.0852774621492014,5,57,120,60,60,60,0.5,24.0,42,10,4.0,4,50,3,full,344,584,446,138,138,0,247,199,133,0.2554514906331917,0.4175469736174131,0.006316093954111535,1.0,35.25230570738046,1.0,7.756521739130435e-08,1.08e-07,1.0704000000000001e-05,5,"[19, 20, 21, 22, 23]",9.931680910413865e-05,4.242049838087228e-05,0.00017212633523686543,7.641661102187509e-05,1.880833651631802e-05,0.0001519333543155696,0.3341529203143472,0.010802753321599249,0.31945746876575676,0.34591775989499274,1024,5,42,"[19, 20, 21, 22, 23]",9,"[19, 20, 21, 22, 23]"
7.85,0.0,1.0,0.964,0.171,2.1327958054598692,0.0,6.283185307179586,6.031857894892402,1.0852774621492014,5,57,120,60,60,60,0.5,24.0,42,10,4.0,4,50,3,full,344,584,446,138,138,0,247,199,133,0.030843781834658874,0.031416352932553404,0.002594532669085714,0.07151359904753574,4.256441893182925,0.9876795397793516,6.800000000000001e-08,6.8e-08,9.384000000000002e-06,5,"[38, 39, 40, 41, 42]",0.00012857171137070696,4.134690349780361e-05,0.00021538409645284747,0.00010315223016853959,4.993444267362083e-05,0.00017911477600616432,0.33280113792682514,0.022104571859345508,0.3144040004253523,0.35763150115104586,1024,5,42,"[38, 39, 40, 41, 42]",9,"[38, 39, 40, 41, 42]"
7.85,0.0,1.0,0.964,0.171,2.1327958054598692,0.0,6.283185307179586,6.031857894892402,1.0852774621492014,5,57,120,60,60,60,0.5,24.0,42,10,4.0,4,50,3,full,344,584,446,138,138,0,247,199,133,0.5737839763178038,0.4931934968983881,0.0027198321502403533,1.0,79.18218873185691,1.0,6.800000000000001e-08,6.8e-08,9.384000000000002e-06,5,"[57, 58, 59, 60, 61]",0.0001334838255409404,8.372342795432513e-05,0.0002432870574852089,0.00019508532156737638,9.56361715254871e-05,0.0002544258132012437,0.34478446544311436,0.012858919030339559,0.3260971133360827,0.356306204093876,1024,5,42,"[57, 58, 59, 60, 61]",9,"[57, 58, 59, 60, 61]"
